game_id,home_id,away_id,home_name,away_name,schedule_observed_at,season_type,contract,is_neutral,source_status,scheduled_at,decision_at
0022600001,1610612765,1610612738,Pistons,Celtics,2026-10-18 19:00:00+00:00,regular,nba_regular_fullgame_moneyline_ot,False,3:00 pm ET,2026-10-20 19:00:00+00:00,2026-10-20 18:00:00+00:00
0022600002,1610612752,1610612755,Knicks,76ers,2026-10-18 23:00:00+00:00,regular,nba_regular_fullgame_moneyline_ot,False,7:00 pm ET,2026-10-20 23:00:00+00:00,2026-10-20 22:00:00+00:00
0022600003,1610612759,1610612760,Spurs,Thunder,2026-10-19 01:30:00+00:00,regular,nba_regular_fullgame_moneyline_ot,False,9:30 pm ET,2026-10-21 01:30:00+00:00,2026-10-21 00:30:00+00:00
0022600085,1610612753,1610612737,Magic,Hawks,2026-10-19 23:00:00+00:00,regular,nba_regular_fullgame_moneyline_ot,False,7:00 pm ET,2026-10-21 23:00:00+00:00,2026-10-21 22:00:00+00:00
0022600086,1610612764,1610612749,Wizards,Bucks,2026-10-19 23:00:00+00:00,regular,nba_regular_fullgame_moneyline_ot,False,7:00 pm ET,2026-10-21 23:00:00+00:00,2026-10-21 22:00:00+00:00
0022600004,1610612748,1610612750,Heat,Timberwolves,2026-10-19 23:30:00+00:00,regular,nba_regular_fullgame_moneyline_ot,False,7:30 pm ET,2026-10-21 23:30:00+00:00,2026-10-21 22:30:00+00:00
0022600087,1610612751,1610612766,Nets,Hornets,2026-10-19 23:30:00+00:00,regular,nba_regular_fullgame_moneyline_ot,False,7:30 pm ET,2026-10-21 23:30:00+00:00,2026-10-21 22:30:00+00:00
0022600088,1610612761,1610612741,Raptors,Bulls,2026-10-19 23:30:00+00:00,regular,nba_regular_fullgame_moneyline_ot,False,7:30 pm ET,2026-10-21 23:30:00+00:00,2026-10-21 22:30:00+00:00
0022600089,1610612763,1610612762,Grizzlies,Jazz,2026-10-20 00:00:00+00:00,regular,nba_regular_fullgame_moneyline_ot,False,8:00 pm ET,2026-10-22 00:00:00+00:00,2026-10-21 23:00:00+00:00
0022600090,1610612740,1610612754,Pelicans,Pacers,2026-10-20 00:00:00+00:00,regular,nba_regular_fullgame_moneyline_ot,False,8:00 pm ET,2026-10-22 00:00:00+00:00,2026-10-21 23:00:00+00:00
0022600091,1610612745,1610612742,Rockets,Mavericks,2026-10-20 00:30:00+00:00,regular,nba_regular_fullgame_moneyline_ot,False,8:30 pm ET,2026-10-22 00:30:00+00:00,2026-10-21 23:30:00+00:00
0022600005,1610612747,1610612744,Lakers,Warriors,2026-10-20 02:00:00+00:00,regular,nba_regular_fullgame_moneyline_ot,False,10:00 pm ET,2026-10-22 02:00:00+00:00,2026-10-22 01:00:00+00:00
0022600092,1610612757,1610612756,Trail Blazers,Suns,2026-10-20 02:00:00+00:00,regular,nba_regular_fullgame_moneyline_ot,False,10:00 pm ET,2026-10-22 02:00:00+00:00,2026-10-22 01:00:00+00:00
0022600093,1610612746,1610612758,Clippers,Kings,2026-10-20 02:30:00+00:00,regular,nba_regular_fullgame_moneyline_ot,False,10:30 pm ET,2026-10-22 02:30:00+00:00,2026-10-22 01:30:00+00:00
0022600006,1610612755,1610612739,76ers,Cavaliers,2026-10-20 23:00:00+00:00,regular,nba_regular_fullgame_moneyline_ot,False,7:00 pm ET,2026-10-22 23:00:00+00:00,2026-10-22 22:00:00+00:00
0022600007,1610612760,1610612743,Thunder,Nuggets,2026-10-21 01:30:00+00:00,regular,nba_regular_fullgame_moneyline_ot,False,9:30 pm ET,2026-10-23 01:30:00+00:00,2026-10-23 00:30:00+00:00
0022600008,1610612738,1610612752,Celtics,Knicks,2026-10-21 23:00:00+00:00,regular,nba_regular_fullgame_moneyline_ot,False,7:00 pm ET,2026-10-23 23:00:00+00:00,2026-10-23 22:00:00+00:00
0022600094,1610612766,1610612737,Hornets,Hawks,2026-10-21 23:00:00+00:00,regular,nba_regular_fullgame_moneyline_ot,False,7:00 pm ET,2026-10-23 23:00:00+00:00,2026-10-23 22:00:00+00:00
0022600095,1610612754,1610612742,Pacers,Mavericks,2026-10-21 23:00:00+00:00,regular,nba_regular_fullgame_moneyline_ot,False,7:00 pm ET,2026-10-23 23:00:00+00:00,2026-10-23 22:00:00+00:00
0022600096,1610612753,1610612750,Magic,Timberwolves,2026-10-21 23:00:00+00:00,regular,nba_regular_fullgame_moneyline_ot,False,7:00 pm ET,2026-10-23 23:00:00+00:00,2026-10-23 22:00:00+00:00
0022600097,1610612764,1610612761,Wizards,Raptors,2026-10-21 23:00:00+00:00,regular,nba_regular_fullgame_moneyline_ot,False,7:00 pm ET,2026-10-23 23:00:00+00:00,2026-10-23 22:00:00+00:00
0022600098,1610612748,1610612765,Heat,Pistons,2026-10-22 00:00:00+00:00,regular,nba_regular_fullgame_moneyline_ot,False,8:00 pm ET,2026-10-24 00:00:00+00:00,2026-10-23 23:00:00+00:00
0022600099,1610612749,1610612741,Bucks,Bulls,2026-10-22 00:00:00+00:00,regular,nba_regular_fullgame_moneyline_ot,False,8:00 pm ET,2026-10-24 00:00:00+00:00,2026-10-23 23:00:00+00:00
0022600009,1610612759,1610612745,Spurs,Rockets,2026-10-22 01:30:00+00:00,regular,nba_regular_fullgame_moneyline_ot,False,9:30 pm ET,2026-10-24 01:30:00+00:00,2026-10-24 00:30:00+00:00
0022600100,1610612762,1610612740,Jazz,Pelicans,2026-10-22 01:30:00+00:00,regular,nba_regular_fullgame_moneyline_ot,False,9:30 pm ET,2026-10-24 01:30:00+00:00,2026-10-24 00:30:00+00:00
0022600101,1610612744,1610612763,Warriors,Grizzlies,2026-10-22 02:00:00+00:00,regular,nba_regular_fullgame_moneyline_ot,False,10:00 pm ET,2026-10-24 02:00:00+00:00,2026-10-24 01:00:00+00:00
0022600102,1610612747,1610612746,Lakers,Clippers,2026-10-22 02:00:00+00:00,regular,nba_regular_fullgame_moneyline_ot,False,10:00 pm ET,2026-10-24 02:00:00+00:00,2026-10-24 01:00:00+00:00
0022600103,1610612758,1610612757,Kings,Trail Blazers,2026-10-22 02:00:00+00:00,regular,nba_regular_fullgame_moneyline_ot,False,10:00 pm ET,2026-10-24 02:00:00+00:00,2026-10-24 01:00:00+00:00
0022600104,1610612766,1610612748,Hornets,Heat,2026-10-22 22:00:00+00:00,regular,nba_regular_fullgame_moneyline_ot,False,6:00 pm ET,2026-10-24 22:00:00+00:00,2026-10-24 21:00:00+00:00
0022600105,1610612739,1610612751,Cavaliers,Nets,2026-10-22 23:30:00+00:00,regular,nba_regular_fullgame_moneyline_ot,False,7:30 pm ET,2026-10-24 23:30:00+00:00,2026-10-24 22:30:00+00:00
0022600106,1610612755,1610612749,76ers,Bucks,2026-10-22 23:30:00+00:00,regular,nba_regular_fullgame_moneyline_ot,False,7:30 pm ET,2026-10-24 23:30:00+00:00,2026-10-24 22:30:00+00:00
0022600107,1610612737,1610612745,Hawks,Rockets,2026-10-23 00:00:00+00:00,regular,nba_regular_fullgame_moneyline_ot,False,8:00 pm ET,2026-10-25 00:00:00+00:00,2026-10-24 23:00:00+00:00
0022600108,1610612741,1610612764,Bulls,Wizards,2026-10-23 00:00:00+00:00,regular,nba_regular_fullgame_moneyline_ot,False,8:00 pm ET,2026-10-25 00:00:00+00:00,2026-10-24 23:00:00+00:00
0022600109,1610612742,1610612759,Mavericks,Spurs,2026-10-23 00:00:00+00:00,regular,nba_regular_fullgame_moneyline_ot,False,8:00 pm ET,2026-10-25 00:00:00+00:00,2026-10-24 23:00:00+00:00
0022600110,1610612743,1610612740,Nuggets,Pelicans,2026-10-23 01:00:00+00:00,regular,nba_regular_fullgame_moneyline_ot,False,9:00 pm ET,2026-10-25 01:00:00+00:00,2026-10-25 00:00:00+00:00
0022600111,1610612756,1610612744,Suns,Warriors,2026-10-23 02:00:00+00:00,regular,nba_regular_fullgame_moneyline_ot,False,10:00 pm ET,2026-10-25 02:00:00+00:00,2026-10-25 01:00:00+00:00
0022600112,1610612762,1610612747,Jazz,Lakers,2026-10-23 21:00:00+00:00,regular,nba_regular_fullgame_moneyline_ot,False,5:00 pm ET,2026-10-25 21:00:00+00:00,2026-10-25 20:00:00+00:00
0022600113,1610612751,1610612754,Nets,Pacers,2026-10-23 22:00:00+00:00,regular,nba_regular_fullgame_moneyline_ot,False,6:00 pm ET,2026-10-25 22:00:00+00:00,2026-10-25 21:00:00+00:00
0022600114,1610612752,1610612753,Knicks,Magic,2026-10-23 23:00:00+00:00,regular,nba_regular_fullgame_moneyline_ot,False,7:00 pm ET,2026-10-25 23:00:00+00:00,2026-10-25 22:00:00+00:00
0022600115,1610612750,1610612761,Timberwolves,Raptors,2026-10-23 23:00:00+00:00,regular,nba_regular_fullgame_moneyline_ot,False,7:00 pm ET,2026-10-25 23:00:00+00:00,2026-10-25 22:00:00+00:00
0022600116,1610612760,1610612746,Thunder,Clippers,2026-10-23 23:00:00+00:00,regular,nba_regular_fullgame_moneyline_ot,False,7:00 pm ET,2026-10-25 23:00:00+00:00,2026-10-25 22:00:00+00:00
0022600117,1610612755,1610612765,76ers,Pistons,2026-10-23 23:30:00+00:00,regular,nba_regular_fullgame_moneyline_ot,False,7:30 pm ET,2026-10-25 23:30:00+00:00,2026-10-25 22:30:00+00:00
0022600118,1610612758,1610612763,Kings,Grizzlies,2026-10-24 01:00:00+00:00,regular,nba_regular_fullgame_moneyline_ot,False,9:00 pm ET,2026-10-26 01:00:00+00:00,2026-10-26 00:00:00+00:00
0022600119,1610612766,1610612764,Hornets,Wizards,2026-10-24 23:00:00+00:00,regular,nba_regular_fullgame_moneyline_ot,False,7:00 pm ET,2026-10-26 23:00:00+00:00,2026-10-26 22:00:00+00:00
0022600120,1610612739,1610612750,Cavaliers,Timberwolves,2026-10-24 23:00:00+00:00,regular,nba_regular_fullgame_moneyline_ot,False,7:00 pm ET,2026-10-26 23:00:00+00:00,2026-10-26 22:00:00+00:00
0022600121,1610612738,1610612741,Celtics,Bulls,2026-10-24 23:30:00+00:00,regular,nba_regular_fullgame_moneyline_ot,False,7:30 pm ET,2026-10-26 23:30:00+00:00,2026-10-26 22:30:00+00:00
0022600122,1610612748,1610612742,Heat,Mavericks,2026-10-24 23:30:00+00:00,regular,nba_regular_fullgame_moneyline_ot,False,7:30 pm ET,2026-10-26 23:30:00+00:00,2026-10-26 22:30:00+00:00
0022600123,1610612749,1610612754,Bucks,Pacers,2026-10-25 00:00:00+00:00,regular,nba_regular_fullgame_moneyline_ot,False,8:00 pm ET,2026-10-27 00:00:00+00:00,2026-10-26 23:00:00+00:00
0022600124,1610612760,1610612756,Thunder,Suns,2026-10-25 00:00:00+00:00,regular,nba_regular_fullgame_moneyline_ot,False,8:00 pm ET,2026-10-27 00:00:00+00:00,2026-10-26 23:00:00+00:00
0022600125,1610612745,1610612737,Rockets,Hawks,2026-10-25 00:30:00+00:00,regular,nba_regular_fullgame_moneyline_ot,False,8:30 pm ET,2026-10-27 00:30:00+00:00,2026-10-26 23:30:00+00:00
0022600126,1610612762,1610612763,Jazz,Grizzlies,2026-10-25 01:00:00+00:00,regular,nba_regular_fullgame_moneyline_ot,False,9:00 pm ET,2026-10-27 01:00:00+00:00,2026-10-27 00:00:00+00:00
0022600127,1610612743,1610612744,Nuggets,Warriors,2026-10-25 02:00:00+00:00,regular,nba_regular_fullgame_moneyline_ot,False,10:00 pm ET,2026-10-27 02:00:00+00:00,2026-10-27 01:00:00+00:00
0022600128,1610612738,1610612751,Celtics,Nets,2026-10-25 23:30:00+00:00,regular,nba_regular_fullgame_moneyline_ot,False,7:30 pm ET,2026-10-27 23:30:00+00:00,2026-10-27 22:30:00+00:00
0022600129,1610612752,1610612765,Knicks,Pistons,2026-10-26 00:00:00+00:00,regular,nba_regular_fullgame_moneyline_ot,False,8:00 pm ET,2026-10-28 00:00:00+00:00,2026-10-27 23:00:00+00:00
0022600130,1610612759,1610612758,Spurs,Kings,2026-10-26 00:00:00+00:00,regular,nba_regular_fullgame_moneyline_ot,False,8:00 pm ET,2026-10-28 00:00:00+00:00,2026-10-27 23:00:00+00:00
0022600131,1610612747,1610612757,Lakers,Trail Blazers,2026-10-26 03:00:00+00:00,regular,nba_regular_fullgame_moneyline_ot,False,11:00 pm ET,2026-10-28 03:00:00+00:00,2026-10-28 02:00:00+00:00
0022600132,1610612737,1610612748,Hawks,Heat,2026-10-26 23:00:00+00:00,regular,nba_regular_fullgame_moneyline_ot,False,7:00 pm ET,2026-10-28 23:00:00+00:00,2026-10-28 22:00:00+00:00
0022600133,1610612739,1610612764,Cavaliers,Wizards,2026-10-26 23:00:00+00:00,regular,nba_regular_fullgame_moneyline_ot,False,7:00 pm ET,2026-10-28 23:00:00+00:00,2026-10-28 22:00:00+00:00
0022600134,1610612765,1610612766,Pistons,Hornets,2026-10-26 23:00:00+00:00,regular,nba_regular_fullgame_moneyline_ot,False,7:00 pm ET,2026-10-28 23:00:00+00:00,2026-10-28 22:00:00+00:00
0022600135,1610612754,1610612755,Pacers,76ers,2026-10-26 23:00:00+00:00,regular,nba_regular_fullgame_moneyline_ot,False,7:00 pm ET,2026-10-28 23:00:00+00:00,2026-10-28 22:00:00+00:00
0022600136,1610612761,1610612753,Raptors,Magic,2026-10-26 23:30:00+00:00,regular,nba_regular_fullgame_moneyline_ot,False,7:30 pm ET,2026-10-28 23:30:00+00:00,2026-10-28 22:30:00+00:00
0022600137,1610612741,1610612752,Bulls,Knicks,2026-10-27 00:00:00+00:00,regular,nba_regular_fullgame_moneyline_ot,False,8:00 pm ET,2026-10-29 00:00:00+00:00,2026-10-28 23:00:00+00:00
0022600138,1610612749,1610612745,Bucks,Rockets,2026-10-27 00:00:00+00:00,regular,nba_regular_fullgame_moneyline_ot,False,8:00 pm ET,2026-10-29 00:00:00+00:00,2026-10-28 23:00:00+00:00
0022600139,1610612750,1610612744,Timberwolves,Warriors,2026-10-27 00:00:00+00:00,regular,nba_regular_fullgame_moneyline_ot,False,8:00 pm ET,2026-10-29 00:00:00+00:00,2026-10-28 23:00:00+00:00
0022600140,1610612740,1610612743,Pelicans,Nuggets,2026-10-27 00:00:00+00:00,regular,nba_regular_fullgame_moneyline_ot,False,8:00 pm ET,2026-10-29 00:00:00+00:00,2026-10-28 23:00:00+00:00
0022600141,1610612762,1610612759,Jazz,Spurs,2026-10-27 01:00:00+00:00,regular,nba_regular_fullgame_moneyline_ot,False,9:00 pm ET,2026-10-29 01:00:00+00:00,2026-10-29 00:00:00+00:00
0022600142,1610612742,1610612760,Mavericks,Thunder,2026-10-27 01:30:00+00:00,regular,nba_regular_fullgame_moneyline_ot,False,9:30 pm ET,2026-10-29 01:30:00+00:00,2026-10-29 00:30:00+00:00
0022600143,1610612746,1610612747,Clippers,Lakers,2026-10-27 02:30:00+00:00,regular,nba_regular_fullgame_moneyline_ot,False,10:30 pm ET,2026-10-29 02:30:00+00:00,2026-10-29 01:30:00+00:00
0022600144,1610612737,1610612739,Hawks,Cavaliers,2026-10-27 23:00:00+00:00,regular,nba_regular_fullgame_moneyline_ot,False,7:00 pm ET,2026-10-29 23:00:00+00:00,2026-10-29 22:00:00+00:00
0022600145,1610612740,1610612758,Pelicans,Kings,2026-10-28 00:00:00+00:00,regular,nba_regular_fullgame_moneyline_ot,False,8:00 pm ET,2026-10-30 00:00:00+00:00,2026-10-29 23:00:00+00:00
0022600146,1610612757,1610612763,Trail Blazers,Grizzlies,2026-10-28 02:00:00+00:00,regular,nba_regular_fullgame_moneyline_ot,False,10:00 pm ET,2026-10-30 02:00:00+00:00,2026-10-30 01:00:00+00:00
0022600015,1610612764,1610612766,Wizards,Hornets,2026-10-28 23:00:00+00:00,regular,nba_regular_fullgame_moneyline_ot,False,7:00 pm ET,2026-10-30 23:00:00+00:00,2026-10-30 22:00:00+00:00
0022600016,1610612738,1610612741,Celtics,Bulls,2026-10-28 23:30:00+00:00,regular,nba_regular_fullgame_moneyline_ot,False,7:30 pm ET,2026-10-30 23:30:00+00:00,2026-10-30 22:30:00+00:00
0022600017,1610612751,1610612765,Nets,Pistons,2026-10-28 23:30:00+00:00,regular,nba_regular_fullgame_moneyline_ot,False,7:30 pm ET,2026-10-30 23:30:00+00:00,2026-10-30 22:30:00+00:00
0022600018,1610612755,1610612752,76ers,Knicks,2026-10-28 23:30:00+00:00,regular,nba_regular_fullgame_moneyline_ot,False,7:30 pm ET,2026-10-30 23:30:00+00:00,2026-10-30 22:30:00+00:00
0022600019,1610612761,1610612753,Raptors,Magic,2026-10-28 23:30:00+00:00,regular,nba_regular_fullgame_moneyline_ot,False,7:30 pm ET,2026-10-30 23:30:00+00:00,2026-10-30 22:30:00+00:00
0022600020,1610612748,1610612754,Heat,Pacers,2026-10-29 00:00:00+00:00,regular,nba_regular_fullgame_moneyline_ot,False,8:00 pm ET,2026-10-31 00:00:00+00:00,2026-10-30 23:00:00+00:00
0022600021,1610612742,1610612745,Mavericks,Rockets,2026-10-29 00:00:00+00:00,regular,nba_regular_fullgame_moneyline_ot,False,8:00 pm ET,2026-10-31 00:00:00+00:00,2026-10-30 23:00:00+00:00
0022600022,1610612750,1610612746,Timberwolves,Clippers,2026-10-29 00:00:00+00:00,regular,nba_regular_fullgame_moneyline_ot,False,8:00 pm ET,2026-10-31 00:00:00+00:00,2026-10-30 23:00:00+00:00
0022600023,1610612744,1610612747,Warriors,Lakers,2026-10-29 02:00:00+00:00,regular,nba_regular_fullgame_moneyline_ot,False,10:00 pm ET,2026-10-31 02:00:00+00:00,2026-10-31 01:00:00+00:00
0022600024,1610612756,1610612743,Suns,Nuggets,2026-10-29 02:00:00+00:00,regular,nba_regular_fullgame_moneyline_ot,False,10:00 pm ET,2026-10-31 02:00:00+00:00,2026-10-31 01:00:00+00:00
0022600147,1610612762,1610612757,Jazz,Trail Blazers,2026-10-29 19:00:00+00:00,regular,nba_regular_fullgame_moneyline_ot,False,3:00 pm ET,2026-10-31 19:00:00+00:00,2026-10-31 18:00:00+00:00
0022600148,1610612766,1610612755,Hornets,76ers,2026-10-29 22:00:00+00:00,regular,nba_regular_fullgame_moneyline_ot,False,6:00 pm ET,2026-10-31 22:00:00+00:00,2026-10-31 21:00:00+00:00
0022600149,1610612740,1610612737,Pelicans,Hawks,2026-10-29 23:00:00+00:00,regular,nba_regular_fullgame_moneyline_ot,False,7:00 pm ET,2026-10-31 23:00:00+00:00,2026-10-31 22:00:00+00:00
0022600150,1610612763,1610612758,Grizzlies,Kings,2026-10-30 00:00:00+00:00,regular,nba_regular_fullgame_moneyline_ot,False,8:00 pm ET,2026-11-01 00:00:00+00:00,2026-10-31 23:00:00+00:00
0022600151,1610612749,1610612739,Bucks,Cavaliers,2026-10-30 00:00:00+00:00,regular,nba_regular_fullgame_moneyline_ot,False,8:00 pm ET,2026-11-01 00:00:00+00:00,2026-10-31 23:00:00+00:00
0022600152,1610612759,1610612750,Spurs,Timberwolves,2026-10-30 00:00:00+00:00,regular,nba_regular_fullgame_moneyline_ot,False,8:00 pm ET,2026-11-01 00:00:00+00:00,2026-10-31 23:00:00+00:00
0022600153,1610612745,1610612760,Rockets,Thunder,2026-10-30 00:30:00+00:00,regular,nba_regular_fullgame_moneyline_ot,False,8:30 pm ET,2026-11-01 00:30:00+00:00,2026-10-31 23:30:00+00:00
0022600154,1610612753,1610612738,Magic,Celtics,2026-10-30 20:30:00+00:00,regular,nba_regular_fullgame_moneyline_ot,False,3:30 pm ET,2026-11-01 20:30:00+00:00,2026-11-01 19:30:00+00:00
0022600155,1610612754,1610612751,Pacers,Nets,2026-10-30 22:00:00+00:00,regular,nba_regular_fullgame_moneyline_ot,False,5:00 pm ET,2026-11-01 22:00:00+00:00,2026-11-01 21:00:00+00:00
0022600156,1610612744,1610612746,Warriors,Clippers,2026-10-31 01:30:00+00:00,regular,nba_regular_fullgame_moneyline_ot,False,8:30 pm ET,2026-11-02 01:30:00+00:00,2026-11-02 00:30:00+00:00
0022600157,1610612747,1610612761,Lakers,Raptors,2026-10-31 02:00:00+00:00,regular,nba_regular_fullgame_moneyline_ot,False,9:00 pm ET,2026-11-02 02:00:00+00:00,2026-11-02 01:00:00+00:00
0022600158,1610612739,1610612760,Cavaliers,Thunder,2026-11-01 00:00:00+00:00,regular,nba_regular_fullgame_moneyline_ot,False,7:00 pm ET,2026-11-03 00:00:00+00:00,2026-11-02 23:00:00+00:00
0022600159,1610612766,1610612765,Hornets,Pistons,2026-11-01 00:30:00+00:00,regular,nba_regular_fullgame_moneyline_ot,False,7:30 pm ET,2026-11-03 00:30:00+00:00,2026-11-02 23:30:00+00:00
0022600160,1610612754,1610612737,Pacers,Hawks,2026-11-01 00:30:00+00:00,regular,nba_regular_fullgame_moneyline_ot,False,7:30 pm ET,2026-11-03 00:30:00+00:00,2026-11-02 23:30:00+00:00
0022600161,1610612752,1610612751,Knicks,Nets,2026-11-01 00:30:00+00:00,regular,nba_regular_fullgame_moneyline_ot,False,7:30 pm ET,2026-11-03 00:30:00+00:00,2026-11-02 23:30:00+00:00
0022600162,1610612753,1610612764,Magic,Wizards,2026-11-01 00:30:00+00:00,regular,nba_regular_fullgame_moneyline_ot,False,7:30 pm ET,2026-11-03 00:30:00+00:00,2026-11-02 23:30:00+00:00
0022600163,1610612755,1610612741,76ers,Bulls,2026-11-01 00:30:00+00:00,regular,nba_regular_fullgame_moneyline_ot,False,7:30 pm ET,2026-11-03 00:30:00+00:00,2026-11-02 23:30:00+00:00
0022600164,1610612742,1610612758,Mavericks,Kings,2026-11-01 01:00:00+00:00,regular,nba_regular_fullgame_moneyline_ot,False,8:00 pm ET,2026-11-03 01:00:00+00:00,2026-11-03 00:00:00+00:00
0022600165,1610612763,1610612740,Grizzlies,Pelicans,2026-11-01 01:00:00+00:00,regular,nba_regular_fullgame_moneyline_ot,False,8:00 pm ET,2026-11-03 01:00:00+00:00,2026-11-03 00:00:00+00:00
0022600166,1610612750,1610612749,Timberwolves,Bucks,2026-11-01 01:00:00+00:00,regular,nba_regular_fullgame_moneyline_ot,False,8:00 pm ET,2026-11-03 01:00:00+00:00,2026-11-03 00:00:00+00:00
0022600167,1610612745,1610612738,Rockets,Celtics,2026-11-01 01:30:00+00:00,regular,nba_regular_fullgame_moneyline_ot,False,8:30 pm ET,2026-11-03 01:30:00+00:00,2026-11-03 00:30:00+00:00
0022600168,1610612759,1610612762,Spurs,Jazz,2026-11-01 01:30:00+00:00,regular,nba_regular_fullgame_moneyline_ot,False,8:30 pm ET,2026-11-03 01:30:00+00:00,2026-11-03 00:30:00+00:00
0022600169,1610612743,1610612757,Nuggets,Trail Blazers,2026-11-01 02:00:00+00:00,regular,nba_regular_fullgame_moneyline_ot,False,9:00 pm ET,2026-11-03 02:00:00+00:00,2026-11-03 01:00:00+00:00
0022600170,1610612744,1610612756,Warriors,Suns,2026-11-01 03:00:00+00:00,regular,nba_regular_fullgame_moneyline_ot,False,10:00 pm ET,2026-11-03 03:00:00+00:00,2026-11-03 02:00:00+00:00
0022600171,1610612746,1610612761,Clippers,Raptors,2026-11-01 03:00:00+00:00,regular,nba_regular_fullgame_moneyline_ot,False,10:00 pm ET,2026-11-03 03:00:00+00:00,2026-11-03 02:00:00+00:00
0022600172,1610612747,1610612748,Lakers,Heat,2026-11-01 03:00:00+00:00,regular,nba_regular_fullgame_moneyline_ot,False,10:00 pm ET,2026-11-03 03:00:00+00:00,2026-11-03 02:00:00+00:00
0022600173,1610612765,1610612755,Pistons,76ers,2026-11-03 00:00:00+00:00,regular,nba_regular_fullgame_moneyline_ot,False,7:00 pm ET,2026-11-05 00:00:00+00:00,2026-11-04 23:00:00+00:00
0022600174,1610612764,1610612737,Wizards,Hawks,2026-11-03 00:00:00+00:00,regular,nba_regular_fullgame_moneyline_ot,False,7:00 pm ET,2026-11-05 00:00:00+00:00,2026-11-04 23:00:00+00:00
0022600175,1610612738,1610612749,Celtics,Bucks,2026-11-03 00:30:00+00:00,regular,nba_regular_fullgame_moneyline_ot,False,7:30 pm ET,2026-11-05 00:30:00+00:00,2026-11-04 23:30:00+00:00
0022600176,1610612751,1610612766,Nets,Hornets,2026-11-03 00:30:00+00:00,regular,nba_regular_fullgame_moneyline_ot,False,7:30 pm ET,2026-11-05 00:30:00+00:00,2026-11-04 23:30:00+00:00
0022600177,1610612752,1610612741,Knicks,Bulls,2026-11-03 00:30:00+00:00,regular,nba_regular_fullgame_moneyline_ot,False,7:30 pm ET,2026-11-05 00:30:00+00:00,2026-11-04 23:30:00+00:00
0022600178,1610612763,1610612754,Grizzlies,Pacers,2026-11-03 01:00:00+00:00,regular,nba_regular_fullgame_moneyline_ot,False,8:00 pm ET,2026-11-05 01:00:00+00:00,2026-11-05 00:00:00+00:00
0022600179,1610612740,1610612762,Pelicans,Jazz,2026-11-03 01:00:00+00:00,regular,nba_regular_fullgame_moneyline_ot,False,8:00 pm ET,2026-11-05 01:00:00+00:00,2026-11-05 00:00:00+00:00
0022600180,1610612760,1610612739,Thunder,Cavaliers,2026-11-03 01:00:00+00:00,regular,nba_regular_fullgame_moneyline_ot,False,8:00 pm ET,2026-11-05 01:00:00+00:00,2026-11-05 00:00:00+00:00
0022600181,1610612745,1610612750,Rockets,Timberwolves,2026-11-03 01:30:00+00:00,regular,nba_regular_fullgame_moneyline_ot,False,8:30 pm ET,2026-11-05 01:30:00+00:00,2026-11-05 00:30:00+00:00
0022600182,1610612743,1610612761,Nuggets,Raptors,2026-11-03 02:00:00+00:00,regular,nba_regular_fullgame_moneyline_ot,False,9:00 pm ET,2026-11-05 02:00:00+00:00,2026-11-05 01:00:00+00:00
0022600183,1610612756,1610612757,Suns,Trail Blazers,2026-11-03 02:00:00+00:00,regular,nba_regular_fullgame_moneyline_ot,False,9:00 pm ET,2026-11-05 02:00:00+00:00,2026-11-05 01:00:00+00:00
0022600184,1610612759,1610612742,Spurs,Mavericks,2026-11-03 02:30:00+00:00,regular,nba_regular_fullgame_moneyline_ot,False,9:30 pm ET,2026-11-05 02:30:00+00:00,2026-11-05 01:30:00+00:00
0022600185,1610612758,1610612747,Kings,Lakers,2026-11-03 03:00:00+00:00,regular,nba_regular_fullgame_moneyline_ot,False,10:00 pm ET,2026-11-05 03:00:00+00:00,2026-11-05 02:00:00+00:00
0022600186,1610612746,1610612748,Clippers,Heat,2026-11-03 03:30:00+00:00,regular,nba_regular_fullgame_moneyline_ot,False,10:30 pm ET,2026-11-05 03:30:00+00:00,2026-11-05 02:30:00+00:00
0022600187,1610612756,1610612753,Suns,Magic,2026-11-04 02:00:00+00:00,regular,nba_regular_fullgame_moneyline_ot,False,9:00 pm ET,2026-11-06 02:00:00+00:00,2026-11-06 01:00:00+00:00
0022600188,1610612744,1610612748,Warriors,Heat,2026-11-04 03:00:00+00:00,regular,nba_regular_fullgame_moneyline_ot,False,10:00 pm ET,2026-11-06 03:00:00+00:00,2026-11-06 02:00:00+00:00
0022600025,1610612737,1610612764,Hawks,Wizards,2026-11-05 00:00:00+00:00,regular,nba_regular_fullgame_moneyline_ot,False,7:00 pm ET,2026-11-07 00:00:00+00:00,2026-11-06 23:00:00+00:00
0022600026,1610612766,1610612738,Hornets,Celtics,2026-11-05 00:00:00+00:00,regular,nba_regular_fullgame_moneyline_ot,False,7:00 pm ET,2026-11-07 00:00:00+00:00,2026-11-06 23:00:00+00:00
0022600027,1610612739,1610612755,Cavaliers,76ers,2026-11-05 00:30:00+00:00,regular,nba_regular_fullgame_moneyline_ot,False,7:30 pm ET,2026-11-07 00:30:00+00:00,2026-11-06 23:30:00+00:00
0022600028,1610612742,1610612762,Mavericks,Jazz,2026-11-05 01:00:00+00:00,regular,nba_regular_fullgame_moneyline_ot,False,8:00 pm ET,2026-11-07 01:00:00+00:00,2026-11-07 00:00:00+00:00
0022600029,1610612763,1610612760,Grizzlies,Thunder,2026-11-05 01:00:00+00:00,regular,nba_regular_fullgame_moneyline_ot,False,8:00 pm ET,2026-11-07 01:00:00+00:00,2026-11-07 00:00:00+00:00
0022600030,1610612749,1610612761,Bucks,Raptors,2026-11-05 01:00:00+00:00,regular,nba_regular_fullgame_moneyline_ot,False,8:00 pm ET,2026-11-07 01:00:00+00:00,2026-11-07 00:00:00+00:00
0022600031,1610612740,1610612750,Pelicans,Timberwolves,2026-11-05 01:00:00+00:00,regular,nba_regular_fullgame_moneyline_ot,False,8:00 pm ET,2026-11-07 01:00:00+00:00,2026-11-07 00:00:00+00:00
0022600032,1610612747,1610612757,Lakers,Trail Blazers,2026-11-05 03:00:00+00:00,regular,nba_regular_fullgame_moneyline_ot,False,10:00 pm ET,2026-11-07 03:00:00+00:00,2026-11-07 02:00:00+00:00
0022600033,1610612758,1610612759,Kings,Spurs,2026-11-05 03:00:00+00:00,regular,nba_regular_fullgame_moneyline_ot,False,10:00 pm ET,2026-11-07 03:00:00+00:00,2026-11-07 02:00:00+00:00
0022600189,1610612754,1610612743,Pacers,Nuggets,2026-11-05 22:00:00+00:00,regular,nba_regular_fullgame_moneyline_ot,True,5:00 pm ET,2026-11-07 22:00:00+00:00,2026-11-07 21:00:00+00:00
0022600190,1610612737,1610612751,Hawks,Nets,2026-11-06 00:30:00+00:00,regular,nba_regular_fullgame_moneyline_ot,False,7:30 pm ET,2026-11-08 00:30:00+00:00,2026-11-07 23:30:00+00:00
0022600191,1610612739,1610612752,Cavaliers,Knicks,2026-11-06 01:00:00+00:00,regular,nba_regular_fullgame_moneyline_ot,False,8:00 pm ET,2026-11-08 01:00:00+00:00,2026-11-08 00:00:00+00:00
0022600192,1610612760,1610612764,Thunder,Wizards,2026-11-06 01:00:00+00:00,regular,nba_regular_fullgame_moneyline_ot,False,8:00 pm ET,2026-11-08 01:00:00+00:00,2026-11-08 00:00:00+00:00
0022600193,1610612744,1610612753,Warriors,Magic,2026-11-06 01:30:00+00:00,regular,nba_regular_fullgame_moneyline_ot,False,8:30 pm ET,2026-11-08 01:30:00+00:00,2026-11-08 00:30:00+00:00
0022600194,1610612756,1610612745,Suns,Rockets,2026-11-06 02:00:00+00:00,regular,nba_regular_fullgame_moneyline_ot,False,9:00 pm ET,2026-11-08 02:00:00+00:00,2026-11-08 01:00:00+00:00
0022600195,1610612757,1610612759,Trail Blazers,Spurs,2026-11-06 03:00:00+00:00,regular,nba_regular_fullgame_moneyline_ot,False,10:00 pm ET,2026-11-08 03:00:00+00:00,2026-11-08 02:00:00+00:00
0022600196,1610612741,1610612755,Bulls,76ers,2026-11-06 20:30:00+00:00,regular,nba_regular_fullgame_moneyline_ot,False,3:30 pm ET,2026-11-08 20:30:00+00:00,2026-11-08 19:30:00+00:00
0022600197,1610612765,1610612747,Pistons,Lakers,2026-11-06 23:00:00+00:00,regular,nba_regular_fullgame_moneyline_ot,False,6:00 pm ET,2026-11-08 23:00:00+00:00,2026-11-08 22:00:00+00:00
0022600198,1610612750,1610612762,Timberwolves,Jazz,2026-11-07 00:00:00+00:00,regular,nba_regular_fullgame_moneyline_ot,False,7:00 pm ET,2026-11-09 00:00:00+00:00,2026-11-08 23:00:00+00:00
0022600199,1610612742,1610612751,Mavericks,Nets,2026-11-07 00:30:00+00:00,regular,nba_regular_fullgame_moneyline_ot,False,7:30 pm ET,2026-11-09 00:30:00+00:00,2026-11-08 23:30:00+00:00
0022600200,1610612749,1610612738,Bucks,Celtics,2026-11-07 01:00:00+00:00,regular,nba_regular_fullgame_moneyline_ot,False,8:00 pm ET,2026-11-09 01:00:00+00:00,2026-11-09 00:00:00+00:00
0022600201,1610612746,1610612740,Clippers,Pelicans,2026-11-07 02:00:00+00:00,regular,nba_regular_fullgame_moneyline_ot,False,9:00 pm ET,2026-11-09 02:00:00+00:00,2026-11-09 01:00:00+00:00
0022600202,1610612758,1610612748,Kings,Heat,2026-11-07 02:00:00+00:00,regular,nba_regular_fullgame_moneyline_ot,False,9:00 pm ET,2026-11-09 02:00:00+00:00,2026-11-09 01:00:00+00:00
0022600203,1610612737,1610612747,Hawks,Lakers,2026-11-08 00:00:00+00:00,regular,nba_regular_fullgame_moneyline_ot,False,7:00 pm ET,2026-11-10 00:00:00+00:00,2026-11-09 23:00:00+00:00
0022600204,1610612766,1610612739,Hornets,Cavaliers,2026-11-08 00:00:00+00:00,regular,nba_regular_fullgame_moneyline_ot,False,7:00 pm ET,2026-11-10 00:00:00+00:00,2026-11-09 23:00:00+00:00
0022600205,1610612765,1610612764,Pistons,Wizards,2026-11-08 00:00:00+00:00,regular,nba_regular_fullgame_moneyline_ot,False,7:00 pm ET,2026-11-10 00:00:00+00:00,2026-11-09 23:00:00+00:00
0022600206,1610612761,1610612763,Raptors,Grizzlies,2026-11-08 00:30:00+00:00,regular,nba_regular_fullgame_moneyline_ot,False,7:30 pm ET,2026-11-10 00:30:00+00:00,2026-11-09 23:30:00+00:00
0022600207,1610612742,1610612754,Mavericks,Pacers,2026-11-08 01:00:00+00:00,regular,nba_regular_fullgame_moneyline_ot,False,8:00 pm ET,2026-11-10 01:00:00+00:00,2026-11-10 00:00:00+00:00
0022600208,1610612745,1610612743,Rockets,Nuggets,2026-11-08 01:30:00+00:00,regular,nba_regular_fullgame_moneyline_ot,False,8:30 pm ET,2026-11-10 01:30:00+00:00,2026-11-10 00:30:00+00:00
0022600209,1610612756,1610612759,Suns,Spurs,2026-11-08 02:00:00+00:00,regular,nba_regular_fullgame_moneyline_ot,False,9:00 pm ET,2026-11-10 02:00:00+00:00,2026-11-10 01:00:00+00:00
0022600210,1610612744,1610612740,Warriors,Pelicans,2026-11-08 03:00:00+00:00,regular,nba_regular_fullgame_moneyline_ot,False,10:00 pm ET,2026-11-10 03:00:00+00:00,2026-11-10 02:00:00+00:00
0022600211,1610612752,1610612749,Knicks,Bucks,2026-11-09 00:30:00+00:00,regular,nba_regular_fullgame_moneyline_ot,False,7:30 pm ET,2026-11-11 00:30:00+00:00,2026-11-10 23:30:00+00:00
0022600212,1610612755,1610612738,76ers,Celtics,2026-11-09 01:00:00+00:00,regular,nba_regular_fullgame_moneyline_ot,False,8:00 pm ET,2026-11-11 01:00:00+00:00,2026-11-11 00:00:00+00:00
0022600213,1610612756,1610612746,Suns,Clippers,2026-11-09 02:00:00+00:00,regular,nba_regular_fullgame_moneyline_ot,False,9:00 pm ET,2026-11-11 02:00:00+00:00,2026-11-11 01:00:00+00:00
0022600214,1610612762,1610612748,Jazz,Heat,2026-11-09 02:00:00+00:00,regular,nba_regular_fullgame_moneyline_ot,False,9:00 pm ET,2026-11-11 02:00:00+00:00,2026-11-11 01:00:00+00:00
0022600215,1610612758,1610612753,Kings,Magic,2026-11-09 03:00:00+00:00,regular,nba_regular_fullgame_moneyline_ot,False,10:00 pm ET,2026-11-11 03:00:00+00:00,2026-11-11 02:00:00+00:00
0022600216,1610612757,1610612760,Trail Blazers,Thunder,2026-11-09 04:00:00+00:00,regular,nba_regular_fullgame_moneyline_ot,False,11:00 pm ET,2026-11-11 04:00:00+00:00,2026-11-11 03:00:00+00:00
0022600217,1610612754,1610612764,Pacers,Wizards,2026-11-10 00:00:00+00:00,regular,nba_regular_fullgame_moneyline_ot,False,7:00 pm ET,2026-11-12 00:00:00+00:00,2026-11-11 23:00:00+00:00
0022600218,1610612752,1610612739,Knicks,Cavaliers,2026-11-10 00:00:00+00:00,regular,nba_regular_fullgame_moneyline_ot,False,7:00 pm ET,2026-11-12 00:00:00+00:00,2026-11-11 23:00:00+00:00
0022600219,1610612761,1610612738,Raptors,Celtics,2026-11-10 00:00:00+00:00,regular,nba_regular_fullgame_moneyline_ot,False,7:00 pm ET,2026-11-12 00:00:00+00:00,2026-11-11 23:00:00+00:00
0022600220,1610612741,1610612759,Bulls,Spurs,2026-11-10 01:00:00+00:00,regular,nba_regular_fullgame_moneyline_ot,False,8:00 pm ET,2026-11-12 01:00:00+00:00,2026-11-12 00:00:00+00:00
0022600221,1610612763,1610612743,Grizzlies,Nuggets,2026-11-10 01:00:00+00:00,regular,nba_regular_fullgame_moneyline_ot,False,8:00 pm ET,2026-11-12 01:00:00+00:00,2026-11-12 00:00:00+00:00
0022600222,1610612749,1610612747,Bucks,Lakers,2026-11-10 01:00:00+00:00,regular,nba_regular_fullgame_moneyline_ot,False,8:00 pm ET,2026-11-12 01:00:00+00:00,2026-11-12 00:00:00+00:00
0022600223,1610612740,1610612751,Pelicans,Nets,2026-11-10 01:00:00+00:00,regular,nba_regular_fullgame_moneyline_ot,False,8:00 pm ET,2026-11-12 01:00:00+00:00,2026-11-12 00:00:00+00:00
0022600224,1610612762,1610612753,Jazz,Magic,2026-11-10 02:00:00+00:00,regular,nba_regular_fullgame_moneyline_ot,False,9:00 pm ET,2026-11-12 02:00:00+00:00,2026-11-12 01:00:00+00:00
0022600225,1610612745,1610612744,Rockets,Warriors,2026-11-10 02:30:00+00:00,regular,nba_regular_fullgame_moneyline_ot,False,9:30 pm ET,2026-11-12 02:30:00+00:00,2026-11-12 01:30:00+00:00
0022600226,1610612757,1610612760,Trail Blazers,Thunder,2026-11-10 03:00:00+00:00,regular,nba_regular_fullgame_moneyline_ot,False,10:00 pm ET,2026-11-12 03:00:00+00:00,2026-11-12 02:00:00+00:00
0022600227,1610612755,1610612761,76ers,Raptors,2026-11-11 00:00:00+00:00,regular,nba_regular_fullgame_moneyline_ot,False,7:00 pm ET,2026-11-13 00:00:00+00:00,2026-11-12 23:00:00+00:00
0022600228,1610612764,1610612765,Wizards,Pistons,2026-11-11 00:00:00+00:00,regular,nba_regular_fullgame_moneyline_ot,False,7:00 pm ET,2026-11-13 00:00:00+00:00,2026-11-12 23:00:00+00:00
0022600229,1610612750,1610612742,Timberwolves,Mavericks,2026-11-11 01:00:00+00:00,regular,nba_regular_fullgame_moneyline_ot,False,8:00 pm ET,2026-11-13 01:00:00+00:00,2026-11-13 00:00:00+00:00
0022600230,1610612756,1610612766,Suns,Hornets,2026-11-11 02:00:00+00:00,regular,nba_regular_fullgame_moneyline_ot,False,9:00 pm ET,2026-11-13 02:00:00+00:00,2026-11-13 01:00:00+00:00
0022600034,1610612754,1610612752,Pacers,Knicks,2026-11-12 00:00:00+00:00,regular,nba_regular_fullgame_moneyline_ot,False,7:00 pm ET,2026-11-14 00:00:00+00:00,2026-11-13 23:00:00+00:00
0022600035,1610612753,1610612749,Magic,Bucks,2026-11-12 00:00:00+00:00,regular,nba_regular_fullgame_moneyline_ot,False,7:00 pm ET,2026-11-14 00:00:00+00:00,2026-11-13 23:00:00+00:00
0022600036,1610612748,1610612739,Heat,Cavaliers,2026-11-12 01:00:00+00:00,regular,nba_regular_fullgame_moneyline_ot,False,8:00 pm ET,2026-11-14 01:00:00+00:00,2026-11-14 00:00:00+00:00
0022600037,1610612741,1610612737,Bulls,Hawks,2026-11-12 01:00:00+00:00,regular,nba_regular_fullgame_moneyline_ot,False,8:00 pm ET,2026-11-14 01:00:00+00:00,2026-11-14 00:00:00+00:00
0022600038,1610612740,1610612763,Pelicans,Grizzlies,2026-11-12 01:00:00+00:00,regular,nba_regular_fullgame_moneyline_ot,False,8:00 pm ET,2026-11-14 01:00:00+00:00,2026-11-14 00:00:00+00:00
0022600039,1610612745,1610612762,Rockets,Jazz,2026-11-12 01:30:00+00:00,regular,nba_regular_fullgame_moneyline_ot,False,8:30 pm ET,2026-11-14 01:30:00+00:00,2026-11-14 00:30:00+00:00
0022600040,1610612759,1610612744,Spurs,Warriors,2026-11-12 02:30:00+00:00,regular,nba_regular_fullgame_moneyline_ot,False,9:30 pm ET,2026-11-14 02:30:00+00:00,2026-11-14 01:30:00+00:00
0022600041,1610612758,1610612757,Kings,Trail Blazers,2026-11-12 03:00:00+00:00,regular,nba_regular_fullgame_moneyline_ot,False,10:00 pm ET,2026-11-14 03:00:00+00:00,2026-11-14 02:00:00+00:00
0022600042,1610612746,1610612760,Clippers,Thunder,2026-11-12 03:30:00+00:00,regular,nba_regular_fullgame_moneyline_ot,False,10:30 pm ET,2026-11-14 03:30:00+00:00,2026-11-14 02:30:00+00:00
0022600231,1610612740,1610612743,Pelicans,Nuggets,2026-11-13 00:00:00+00:00,regular,nba_regular_fullgame_moneyline_ot,False,7:00 pm ET,2026-11-15 00:00:00+00:00,2026-11-14 23:00:00+00:00
0022600232,1610612739,1610612742,Cavaliers,Mavericks,2026-11-13 00:30:00+00:00,regular,nba_regular_fullgame_moneyline_ot,False,7:30 pm ET,2026-11-15 00:30:00+00:00,2026-11-14 23:30:00+00:00
0022600233,1610612748,1610612765,Heat,Pistons,2026-11-13 01:00:00+00:00,regular,nba_regular_fullgame_moneyline_ot,False,8:00 pm ET,2026-11-15 01:00:00+00:00,2026-11-15 00:00:00+00:00
0022600234,1610612763,1610612751,Grizzlies,Nets,2026-11-13 01:00:00+00:00,regular,nba_regular_fullgame_moneyline_ot,False,8:00 pm ET,2026-11-15 01:00:00+00:00,2026-11-15 00:00:00+00:00
0022600235,1610612750,1610612741,Timberwolves,Bulls,2026-11-13 01:00:00+00:00,regular,nba_regular_fullgame_moneyline_ot,False,8:00 pm ET,2026-11-15 01:00:00+00:00,2026-11-15 00:00:00+00:00
0022600236,1610612755,1610612754,76ers,Pacers,2026-11-13 18:00:00+00:00,regular,nba_regular_fullgame_moneyline_ot,False,1:00 pm ET,2026-11-15 18:00:00+00:00,2026-11-15 17:00:00+00:00
0022600237,1610612756,1610612747,Suns,Lakers,2026-11-13 21:00:00+00:00,regular,nba_regular_fullgame_moneyline_ot,False,4:00 pm ET,2026-11-15 21:00:00+00:00,2026-11-15 20:00:00+00:00
0022600238,1610612746,1610612766,Clippers,Hornets,2026-11-13 21:30:00+00:00,regular,nba_regular_fullgame_moneyline_ot,False,4:30 pm ET,2026-11-15 21:30:00+00:00,2026-11-15 20:30:00+00:00
0022600239,1610612762,1610612759,Jazz,Spurs,2026-11-13 22:00:00+00:00,regular,nba_regular_fullgame_moneyline_ot,False,5:00 pm ET,2026-11-15 22:00:00+00:00,2026-11-15 21:00:00+00:00
0022600240,1610612738,1610612742,Celtics,Mavericks,2026-11-13 23:00:00+00:00,regular,nba_regular_fullgame_moneyline_ot,False,6:00 pm ET,2026-11-15 23:00:00+00:00,2026-11-15 22:00:00+00:00
0022600241,1610612761,1610612752,Raptors,Knicks,2026-11-13 23:00:00+00:00,regular,nba_regular_fullgame_moneyline_ot,False,6:00 pm ET,2026-11-15 23:00:00+00:00,2026-11-15 22:00:00+00:00
0022600242,1610612764,1610612745,Wizards,Rockets,2026-11-14 00:00:00+00:00,regular,nba_regular_fullgame_moneyline_ot,False,7:00 pm ET,2026-11-16 00:00:00+00:00,2026-11-15 23:00:00+00:00
0022600243,1610612749,1610612737,Bucks,Hawks,2026-11-14 01:00:00+00:00,regular,nba_regular_fullgame_moneyline_ot,False,8:00 pm ET,2026-11-16 01:00:00+00:00,2026-11-16 00:00:00+00:00
0022600244,1610612758,1610612760,Kings,Thunder,2026-11-14 02:00:00+00:00,regular,nba_regular_fullgame_moneyline_ot,False,9:00 pm ET,2026-11-16 02:00:00+00:00,2026-11-16 01:00:00+00:00
0022600245,1610612738,1610612753,Celtics,Magic,2026-11-15 00:00:00+00:00,regular,nba_regular_fullgame_moneyline_ot,False,7:00 pm ET,2026-11-17 00:00:00+00:00,2026-11-16 23:00:00+00:00
0022600246,1610612739,1610612741,Cavaliers,Bulls,2026-11-15 00:00:00+00:00,regular,nba_regular_fullgame_moneyline_ot,False,7:00 pm ET,2026-11-17 00:00:00+00:00,2026-11-16 23:00:00+00:00
0022600247,1610612764,1610612763,Wizards,Grizzlies,2026-11-15 00:00:00+00:00,regular,nba_regular_fullgame_moneyline_ot,False,7:00 pm ET,2026-11-17 00:00:00+00:00,2026-11-16 23:00:00+00:00
0022600248,1610612751,1610612755,Nets,76ers,2026-11-15 00:30:00+00:00,regular,nba_regular_fullgame_moneyline_ot,False,7:30 pm ET,2026-11-17 00:30:00+00:00,2026-11-16 23:30:00+00:00
0022600249,1610612748,1610612745,Heat,Rockets,2026-11-15 00:30:00+00:00,regular,nba_regular_fullgame_moneyline_ot,False,7:30 pm ET,2026-11-17 00:30:00+00:00,2026-11-16 23:30:00+00:00
0022600250,1610612750,1610612757,Timberwolves,Trail Blazers,2026-11-15 01:00:00+00:00,regular,nba_regular_fullgame_moneyline_ot,False,8:00 pm ET,2026-11-17 01:00:00+00:00,2026-11-17 00:00:00+00:00
0022600251,1610612740,1610612744,Pelicans,Warriors,2026-11-15 01:00:00+00:00,regular,nba_regular_fullgame_moneyline_ot,False,8:00 pm ET,2026-11-17 01:00:00+00:00,2026-11-17 00:00:00+00:00
0022600252,1610612743,1610612756,Nuggets,Suns,2026-11-15 02:00:00+00:00,regular,nba_regular_fullgame_moneyline_ot,False,9:00 pm ET,2026-11-17 02:00:00+00:00,2026-11-17 01:00:00+00:00
0022600253,1610612761,1610612752,Raptors,Knicks,2026-11-16 00:30:00+00:00,regular,nba_regular_fullgame_moneyline_ot,False,7:30 pm ET,2026-11-18 00:30:00+00:00,2026-11-17 23:30:00+00:00
0022600254,1610612750,1610612757,Timberwolves,Trail Blazers,2026-11-16 01:00:00+00:00,regular,nba_regular_fullgame_moneyline_ot,False,8:00 pm ET,2026-11-18 01:00:00+00:00,2026-11-18 00:00:00+00:00
0022600255,1610612759,1610612765,Spurs,Pistons,2026-11-16 01:00:00+00:00,regular,nba_regular_fullgame_moneyline_ot,False,8:00 pm ET,2026-11-18 01:00:00+00:00,2026-11-18 00:00:00+00:00
0022600256,1610612747,1610612766,Lakers,Hornets,2026-11-16 03:00:00+00:00,regular,nba_regular_fullgame_moneyline_ot,False,10:00 pm ET,2026-11-18 03:00:00+00:00,2026-11-18 02:00:00+00:00
0022600257,1610612746,1610612762,Clippers,Jazz,2026-11-16 04:00:00+00:00,regular,nba_regular_fullgame_moneyline_ot,False,11:00 pm ET,2026-11-18 04:00:00+00:00,2026-11-18 03:00:00+00:00
0022600258,1610612739,1610612763,Cavaliers,Grizzlies,2026-11-17 00:00:00+00:00,regular,nba_regular_fullgame_moneyline_ot,False,7:00 pm ET,2026-11-19 00:00:00+00:00,2026-11-18 23:00:00+00:00
0022600259,1610612754,1610612745,Pacers,Rockets,2026-11-17 00:00:00+00:00,regular,nba_regular_fullgame_moneyline_ot,False,7:00 pm ET,2026-11-19 00:00:00+00:00,2026-11-18 23:00:00+00:00
0022600260,1610612748,1610612749,Heat,Bucks,2026-11-17 00:00:00+00:00,regular,nba_regular_fullgame_moneyline_ot,False,7:00 pm ET,2026-11-19 00:00:00+00:00,2026-11-18 23:00:00+00:00
0022600261,1610612753,1610612755,Magic,76ers,2026-11-17 00:00:00+00:00,regular,nba_regular_fullgame_moneyline_ot,False,7:00 pm ET,2026-11-19 00:00:00+00:00,2026-11-18 23:00:00+00:00
0022600262,1610612751,1610612741,Nets,Bulls,2026-11-17 00:30:00+00:00,regular,nba_regular_fullgame_moneyline_ot,False,7:30 pm ET,2026-11-19 00:30:00+00:00,2026-11-18 23:30:00+00:00
0022600263,1610612761,1610612764,Raptors,Wizards,2026-11-17 00:30:00+00:00,regular,nba_regular_fullgame_moneyline_ot,False,7:30 pm ET,2026-11-19 00:30:00+00:00,2026-11-18 23:30:00+00:00
0022600264,1610612740,1610612765,Pelicans,Pistons,2026-11-17 01:00:00+00:00,regular,nba_regular_fullgame_moneyline_ot,False,8:00 pm ET,2026-11-19 01:00:00+00:00,2026-11-19 00:00:00+00:00
0022600265,1610612760,1610612737,Thunder,Hawks,2026-11-17 01:00:00+00:00,regular,nba_regular_fullgame_moneyline_ot,False,8:00 pm ET,2026-11-19 01:00:00+00:00,2026-11-19 00:00:00+00:00
0022600266,1610612743,1610612738,Nuggets,Celtics,2026-11-17 02:00:00+00:00,regular,nba_regular_fullgame_moneyline_ot,False,9:00 pm ET,2026-11-19 02:00:00+00:00,2026-11-19 01:00:00+00:00
0022600267,1610612742,1610612744,Mavericks,Warriors,2026-11-17 02:30:00+00:00,regular,nba_regular_fullgame_moneyline_ot,False,9:30 pm ET,2026-11-19 02:30:00+00:00,2026-11-19 01:30:00+00:00
0022600268,1610612747,1610612762,Lakers,Jazz,2026-11-17 03:00:00+00:00,regular,nba_regular_fullgame_moneyline_ot,False,10:00 pm ET,2026-11-19 03:00:00+00:00,2026-11-19 02:00:00+00:00
0022600269,1610612758,1610612756,Kings,Suns,2026-11-17 03:00:00+00:00,regular,nba_regular_fullgame_moneyline_ot,False,10:00 pm ET,2026-11-19 03:00:00+00:00,2026-11-19 02:00:00+00:00
0022600270,1610612763,1610612744,Grizzlies,Warriors,2026-11-18 01:00:00+00:00,regular,nba_regular_fullgame_moneyline_ot,False,8:00 pm ET,2026-11-20 01:00:00+00:00,2026-11-20 00:00:00+00:00
0022600271,1610612749,1610612757,Bucks,Trail Blazers,2026-11-18 01:00:00+00:00,regular,nba_regular_fullgame_moneyline_ot,False,8:00 pm ET,2026-11-20 01:00:00+00:00,2026-11-20 00:00:00+00:00
0022600272,1610612750,1610612752,Timberwolves,Knicks,2026-11-18 01:00:00+00:00,regular,nba_regular_fullgame_moneyline_ot,False,8:00 pm ET,2026-11-20 01:00:00+00:00,2026-11-20 00:00:00+00:00
0022600273,1610612759,1610612746,Spurs,Clippers,2026-11-18 01:00:00+00:00,regular,nba_regular_fullgame_moneyline_ot,False,8:00 pm ET,2026-11-20 01:00:00+00:00,2026-11-20 00:00:00+00:00
0022600043,1610612737,1610612766,Hawks,Hornets,2026-11-19 00:00:00+00:00,regular,nba_regular_fullgame_moneyline_ot,False,7:00 pm ET,2026-11-21 00:00:00+00:00,2026-11-20 23:00:00+00:00
0022600044,1610612751,1610612753,Nets,Magic,2026-11-19 00:30:00+00:00,regular,nba_regular_fullgame_moneyline_ot,False,7:30 pm ET,2026-11-21 00:30:00+00:00,2026-11-20 23:30:00+00:00
0022600045,1610612739,1610612754,Cavaliers,Pacers,2026-11-19 00:30:00+00:00,regular,nba_regular_fullgame_moneyline_ot,False,7:30 pm ET,2026-11-21 00:30:00+00:00,2026-11-20 23:30:00+00:00
0022600046,1610612765,1610612761,Pistons,Raptors,2026-11-19 00:30:00+00:00,regular,nba_regular_fullgame_moneyline_ot,False,7:30 pm ET,2026-11-21 00:30:00+00:00,2026-11-20 23:30:00+00:00
0022600047,1610612741,1610612764,Bulls,Wizards,2026-11-19 01:00:00+00:00,regular,nba_regular_fullgame_moneyline_ot,False,8:00 pm ET,2026-11-21 01:00:00+00:00,2026-11-21 00:00:00+00:00
0022600048,1610612760,1610612740,Thunder,Pelicans,2026-11-19 01:00:00+00:00,regular,nba_regular_fullgame_moneyline_ot,False,8:00 pm ET,2026-11-21 01:00:00+00:00,2026-11-21 00:00:00+00:00
0022600049,1610612762,1610612756,Jazz,Suns,2026-11-19 02:30:00+00:00,regular,nba_regular_fullgame_moneyline_ot,False,9:30 pm ET,2026-11-21 02:30:00+00:00,2026-11-21 01:30:00+00:00
0022600050,1610612743,1610612745,Nuggets,Rockets,2026-11-19 03:00:00+00:00,regular,nba_regular_fullgame_moneyline_ot,False,10:00 pm ET,2026-11-21 03:00:00+00:00,2026-11-21 02:00:00+00:00
0022600051,1610612747,1610612758,Lakers,Kings,2026-11-19 03:00:00+00:00,regular,nba_regular_fullgame_moneyline_ot,False,10:00 pm ET,2026-11-21 03:00:00+00:00,2026-11-21 02:00:00+00:00
0022600274,1610612755,1610612749,76ers,Bucks,2026-11-19 18:00:00+00:00,regular,nba_regular_fullgame_moneyline_ot,False,1:00 pm ET,2026-11-21 18:00:00+00:00,2026-11-21 17:00:00+00:00
0022600275,1610612752,1610612757,Knicks,Trail Blazers,2026-11-20 00:30:00+00:00,regular,nba_regular_fullgame_moneyline_ot,False,7:30 pm ET,2026-11-22 00:30:00+00:00,2026-11-21 23:30:00+00:00
0022600276,1610612742,1610612746,Mavericks,Clippers,2026-11-20 01:00:00+00:00,regular,nba_regular_fullgame_moneyline_ot,False,8:00 pm ET,2026-11-22 01:00:00+00:00,2026-11-22 00:00:00+00:00
0022600277,1610612750,1610612763,Timberwolves,Grizzlies,2026-11-20 01:00:00+00:00,regular,nba_regular_fullgame_moneyline_ot,False,8:00 pm ET,2026-11-22 01:00:00+00:00,2026-11-22 00:00:00+00:00
0022600278,1610612759,1610612740,Spurs,Pelicans,2026-11-20 01:00:00+00:00,regular,nba_regular_fullgame_moneyline_ot,False,8:00 pm ET,2026-11-22 01:00:00+00:00,2026-11-22 00:00:00+00:00
0022600279,1610612758,1610612738,Kings,Celtics,2026-11-20 03:00:00+00:00,regular,nba_regular_fullgame_moneyline_ot,False,10:00 pm ET,2026-11-22 03:00:00+00:00,2026-11-22 02:00:00+00:00
0022600280,1610612737,1610612765,Hawks,Pistons,2026-11-20 20:30:00+00:00,regular,nba_regular_fullgame_moneyline_ot,False,3:30 pm ET,2026-11-22 20:30:00+00:00,2026-11-22 19:30:00+00:00
0022600281,1610612748,1610612760,Heat,Thunder,2026-11-20 23:00:00+00:00,regular,nba_regular_fullgame_moneyline_ot,False,6:00 pm ET,2026-11-22 23:00:00+00:00,2026-11-22 22:00:00+00:00
0022600282,1610612764,1610612753,Wizards,Magic,2026-11-21 00:00:00+00:00,regular,nba_regular_fullgame_moneyline_ot,False,7:00 pm ET,2026-11-23 00:00:00+00:00,2026-11-22 23:00:00+00:00
0022600283,1610612741,1610612743,Bulls,Nuggets,2026-11-21 00:00:00+00:00,regular,nba_regular_fullgame_moneyline_ot,False,7:00 pm ET,2026-11-23 00:00:00+00:00,2026-11-22 23:00:00+00:00
0022600284,1610612762,1610612742,Jazz,Mavericks,2026-11-21 00:00:00+00:00,regular,nba_regular_fullgame_moneyline_ot,False,7:00 pm ET,2026-11-23 00:00:00+00:00,2026-11-22 23:00:00+00:00
0022600285,1610612752,1610612754,Knicks,Pacers,2026-11-21 01:00:00+00:00,regular,nba_regular_fullgame_moneyline_ot,False,8:00 pm ET,2026-11-23 01:00:00+00:00,2026-11-23 00:00:00+00:00
0022600286,1610612744,1610612738,Warriors,Celtics,2026-11-21 01:30:00+00:00,regular,nba_regular_fullgame_moneyline_ot,False,8:30 pm ET,2026-11-23 01:30:00+00:00,2026-11-23 00:30:00+00:00
0022600287,1610612766,1610612763,Hornets,Grizzlies,2026-11-22 00:00:00+00:00,regular,nba_regular_fullgame_moneyline_ot,False,7:00 pm ET,2026-11-24 00:00:00+00:00,2026-11-23 23:00:00+00:00
0022600288,1610612755,1610612757,76ers,Trail Blazers,2026-11-22 00:00:00+00:00,regular,nba_regular_fullgame_moneyline_ot,False,7:00 pm ET,2026-11-24 00:00:00+00:00,2026-11-23 23:00:00+00:00
0022600289,1610612754,1610612760,Pacers,Thunder,2026-11-22 00:30:00+00:00,regular,nba_regular_fullgame_moneyline_ot,False,7:30 pm ET,2026-11-24 00:30:00+00:00,2026-11-23 23:30:00+00:00
0022600290,1610612761,1610612749,Raptors,Bucks,2026-11-22 00:30:00+00:00,regular,nba_regular_fullgame_moneyline_ot,False,7:30 pm ET,2026-11-24 00:30:00+00:00,2026-11-23 23:30:00+00:00
0022600291,1610612750,1610612751,Timberwolves,Nets,2026-11-22 00:30:00+00:00,regular,nba_regular_fullgame_moneyline_ot,False,7:30 pm ET,2026-11-24 00:30:00+00:00,2026-11-23 23:30:00+00:00
0022600292,1610612741,1610612739,Bulls,Cavaliers,2026-11-22 01:00:00+00:00,regular,nba_regular_fullgame_moneyline_ot,False,8:00 pm ET,2026-11-24 01:00:00+00:00,2026-11-24 00:00:00+00:00
0022600293,1610612740,1610612756,Pelicans,Suns,2026-11-22 01:00:00+00:00,regular,nba_regular_fullgame_moneyline_ot,False,8:00 pm ET,2026-11-24 01:00:00+00:00,2026-11-24 00:00:00+00:00
0022600294,1610612745,1610612746,Rockets,Clippers,2026-11-22 01:30:00+00:00,regular,nba_regular_fullgame_moneyline_ot,False,8:30 pm ET,2026-11-24 01:30:00+00:00,2026-11-24 00:30:00+00:00
0022600295,1610612747,1610612762,Lakers,Jazz,2026-11-22 03:00:00+00:00,regular,nba_regular_fullgame_moneyline_ot,False,10:00 pm ET,2026-11-24 03:00:00+00:00,2026-11-24 02:00:00+00:00
0022600296,1610612758,1610612759,Kings,Spurs,2026-11-22 03:00:00+00:00,regular,nba_regular_fullgame_moneyline_ot,False,10:00 pm ET,2026-11-24 03:00:00+00:00,2026-11-24 02:00:00+00:00
0022600052,1610612753,1610612765,Magic,Pistons,2026-11-23 00:00:00+00:00,regular,nba_regular_fullgame_moneyline_ot,False,7:00 pm ET,2026-11-25 00:00:00+00:00,2026-11-24 23:00:00+00:00
0022600053,1610612764,1610612738,Wizards,Celtics,2026-11-23 01:00:00+00:00,regular,nba_regular_fullgame_moneyline_ot,False,8:00 pm ET,2026-11-25 01:00:00+00:00,2026-11-25 00:00:00+00:00
0022600054,1610612743,1610612742,Nuggets,Mavericks,2026-11-23 03:00:00+00:00,regular,nba_regular_fullgame_moneyline_ot,False,10:00 pm ET,2026-11-25 03:00:00+00:00,2026-11-25 02:00:00+00:00
0022600055,1610612755,1610612748,76ers,Heat,2026-11-23 22:00:00+00:00,regular,nba_regular_fullgame_moneyline_ot,False,5:00 pm ET,2026-11-25 22:00:00+00:00,2026-11-25 21:00:00+00:00
0022600056,1610612766,1610612741,Hornets,Bulls,2026-11-24 00:00:00+00:00,regular,nba_regular_fullgame_moneyline_ot,False,7:00 pm ET,2026-11-26 00:00:00+00:00,2026-11-25 23:00:00+00:00
0022600057,1610612752,1610612739,Knicks,Cavaliers,2026-11-24 00:30:00+00:00,regular,nba_regular_fullgame_moneyline_ot,False,7:30 pm ET,2026-11-26 00:30:00+00:00,2026-11-25 23:30:00+00:00
0022600058,1610612760,1610612750,Thunder,Timberwolves,2026-11-24 00:30:00+00:00,regular,nba_regular_fullgame_moneyline_ot,False,7:30 pm ET,2026-11-26 00:30:00+00:00,2026-11-25 23:30:00+00:00
0022600059,1610612763,1610612746,Grizzlies,Clippers,2026-11-24 01:00:00+00:00,regular,nba_regular_fullgame_moneyline_ot,False,8:00 pm ET,2026-11-26 01:00:00+00:00,2026-11-26 00:00:00+00:00
0022600060,1610612749,1610612751,Bucks,Nets,2026-11-24 01:00:00+00:00,regular,nba_regular_fullgame_moneyline_ot,False,8:00 pm ET,2026-11-26 01:00:00+00:00,2026-11-26 00:00:00+00:00
0022600061,1610612745,1610612756,Rockets,Suns,2026-11-24 01:30:00+00:00,regular,nba_regular_fullgame_moneyline_ot,False,8:30 pm ET,2026-11-26 01:30:00+00:00,2026-11-26 00:30:00+00:00
0022600062,1610612744,1610612758,Warriors,Kings,2026-11-24 03:00:00+00:00,regular,nba_regular_fullgame_moneyline_ot,False,10:00 pm ET,2026-11-26 03:00:00+00:00,2026-11-26 02:00:00+00:00
0022600063,1610612757,1610612759,Trail Blazers,Spurs,2026-11-24 03:00:00+00:00,regular,nba_regular_fullgame_moneyline_ot,False,10:00 pm ET,2026-11-26 03:00:00+00:00,2026-11-26 02:00:00+00:00
0022600064,1610612752,1610612748,Knicks,Heat,2026-11-26 00:00:00+00:00,regular,nba_regular_fullgame_moneyline_ot,False,7:00 pm ET,2026-11-28 00:00:00+00:00,2026-11-27 23:00:00+00:00
0022600065,1610612765,1610612749,Pistons,Bucks,2026-11-26 00:30:00+00:00,regular,nba_regular_fullgame_moneyline_ot,False,7:30 pm ET,2026-11-28 00:30:00+00:00,2026-11-27 23:30:00+00:00
0022600066,1610612754,1610612755,Pacers,76ers,2026-11-26 00:30:00+00:00,regular,nba_regular_fullgame_moneyline_ot,False,7:30 pm ET,2026-11-28 00:30:00+00:00,2026-11-27 23:30:00+00:00
0022600067,1610612761,1610612751,Raptors,Nets,2026-11-26 00:30:00+00:00,regular,nba_regular_fullgame_moneyline_ot,False,7:30 pm ET,2026-11-28 00:30:00+00:00,2026-11-27 23:30:00+00:00
0022600068,1610612738,1610612737,Celtics,Hawks,2026-11-26 01:00:00+00:00,regular,nba_regular_fullgame_moneyline_ot,False,8:00 pm ET,2026-11-28 01:00:00+00:00,2026-11-28 00:00:00+00:00
0022600069,1610612750,1610612763,Timberwolves,Grizzlies,2026-11-26 01:30:00+00:00,regular,nba_regular_fullgame_moneyline_ot,False,8:30 pm ET,2026-11-28 01:30:00+00:00,2026-11-28 00:30:00+00:00
0022600070,1610612756,1610612742,Suns,Mavericks,2026-11-26 02:00:00+00:00,regular,nba_regular_fullgame_moneyline_ot,False,9:00 pm ET,2026-11-28 02:00:00+00:00,2026-11-28 01:00:00+00:00
0022600071,1610612759,1610612747,Spurs,Lakers,2026-11-26 02:30:00+00:00,regular,nba_regular_fullgame_moneyline_ot,False,9:30 pm ET,2026-11-28 02:30:00+00:00,2026-11-28 01:30:00+00:00
0022600072,1610612762,1610612743,Jazz,Nuggets,2026-11-26 02:30:00+00:00,regular,nba_regular_fullgame_moneyline_ot,False,9:30 pm ET,2026-11-28 02:30:00+00:00,2026-11-28 01:30:00+00:00
0022600073,1610612746,1610612740,Clippers,Pelicans,2026-11-26 02:30:00+00:00,regular,nba_regular_fullgame_moneyline_ot,False,9:30 pm ET,2026-11-28 02:30:00+00:00,2026-11-28 01:30:00+00:00
0022600074,1610612757,1610612744,Trail Blazers,Warriors,2026-11-26 02:30:00+00:00,regular,nba_regular_fullgame_moneyline_ot,False,9:30 pm ET,2026-11-28 02:30:00+00:00,2026-11-28 01:30:00+00:00
0022600297,1610612764,1610612753,Wizards,Magic,2026-11-26 22:00:00+00:00,regular,nba_regular_fullgame_moneyline_ot,False,5:00 pm ET,2026-11-28 22:00:00+00:00,2026-11-28 21:00:00+00:00
0022600298,1610612766,1610612751,Hornets,Nets,2026-11-26 23:00:00+00:00,regular,nba_regular_fullgame_moneyline_ot,False,6:00 pm ET,2026-11-28 23:00:00+00:00,2026-11-28 22:00:00+00:00
0022600299,1610612741,1610612754,Bulls,Pacers,2026-11-27 01:00:00+00:00,regular,nba_regular_fullgame_moneyline_ot,False,8:00 pm ET,2026-11-29 01:00:00+00:00,2026-11-29 00:00:00+00:00
0022600300,1610612749,1610612760,Bucks,Thunder,2026-11-27 01:00:00+00:00,regular,nba_regular_fullgame_moneyline_ot,False,8:00 pm ET,2026-11-29 01:00:00+00:00,2026-11-29 00:00:00+00:00
0022600301,1610612745,1610612755,Rockets,76ers,2026-11-27 01:30:00+00:00,regular,nba_regular_fullgame_moneyline_ot,False,8:30 pm ET,2026-11-29 01:30:00+00:00,2026-11-29 00:30:00+00:00
0022600302,1610612763,1610612747,Grizzlies,Lakers,2026-11-27 21:00:00+00:00,regular,nba_regular_fullgame_moneyline_ot,False,4:00 pm ET,2026-11-29 21:00:00+00:00,2026-11-29 20:00:00+00:00
0022600303,1610612759,1610612738,Spurs,Celtics,2026-11-27 21:00:00+00:00,regular,nba_regular_fullgame_moneyline_ot,False,4:00 pm ET,2026-11-29 21:00:00+00:00,2026-11-29 20:00:00+00:00
0022600304,1610612762,1610612756,Jazz,Suns,2026-11-27 22:00:00+00:00,regular,nba_regular_fullgame_moneyline_ot,False,5:00 pm ET,2026-11-29 22:00:00+00:00,2026-11-29 21:00:00+00:00
0022600305,1610612739,1610612748,Cavaliers,Heat,2026-11-27 23:00:00+00:00,regular,nba_regular_fullgame_moneyline_ot,False,6:00 pm ET,2026-11-29 23:00:00+00:00,2026-11-29 22:00:00+00:00
0022600306,1610612765,1610612753,Pistons,Magic,2026-11-27 23:00:00+00:00,regular,nba_regular_fullgame_moneyline_ot,False,6:00 pm ET,2026-11-29 23:00:00+00:00,2026-11-29 22:00:00+00:00
0022600307,1610612752,1610612737,Knicks,Hawks,2026-11-27 23:00:00+00:00,regular,nba_regular_fullgame_moneyline_ot,False,6:00 pm ET,2026-11-29 23:00:00+00:00,2026-11-29 22:00:00+00:00
0022600308,1610612761,1610612743,Raptors,Nuggets,2026-11-27 23:00:00+00:00,regular,nba_regular_fullgame_moneyline_ot,False,6:00 pm ET,2026-11-29 23:00:00+00:00,2026-11-29 22:00:00+00:00
0022600309,1610612757,1610612740,Trail Blazers,Pelicans,2026-11-27 23:00:00+00:00,regular,nba_regular_fullgame_moneyline_ot,False,6:00 pm ET,2026-11-29 23:00:00+00:00,2026-11-29 22:00:00+00:00
0022600310,1610612744,1610612746,Warriors,Clippers,2026-11-28 01:30:00+00:00,regular,nba_regular_fullgame_moneyline_ot,False,8:30 pm ET,2026-11-30 01:30:00+00:00,2026-11-30 00:30:00+00:00
0022600311,1610612758,1610612750,Kings,Timberwolves,2026-11-28 02:00:00+00:00,regular,nba_regular_fullgame_moneyline_ot,False,9:00 pm ET,2026-11-30 02:00:00+00:00,2026-11-30 01:00:00+00:00
0022600312,1610612766,1610612764,Hornets,Wizards,2026-11-29 00:00:00+00:00,regular,nba_regular_fullgame_moneyline_ot,False,7:00 pm ET,2026-12-01 00:00:00+00:00,2026-11-30 23:00:00+00:00
0022600313,1610612765,1610612743,Pistons,Nuggets,2026-11-29 00:00:00+00:00,regular,nba_regular_fullgame_moneyline_ot,False,7:00 pm ET,2026-12-01 00:00:00+00:00,2026-11-30 23:00:00+00:00
0022600314,1610612751,1610612760,Nets,Thunder,2026-11-29 00:30:00+00:00,regular,nba_regular_fullgame_moneyline_ot,False,7:30 pm ET,2026-12-01 00:30:00+00:00,2026-11-30 23:30:00+00:00
0022600315,1610612745,1610612747,Rockets,Lakers,2026-11-29 00:30:00+00:00,regular,nba_regular_fullgame_moneyline_ot,False,7:30 pm ET,2026-12-01 00:30:00+00:00,2026-11-30 23:30:00+00:00
0022600316,1610612742,1610612738,Mavericks,Celtics,2026-11-29 01:00:00+00:00,regular,nba_regular_fullgame_moneyline_ot,False,8:00 pm ET,2026-12-01 01:00:00+00:00,2026-12-01 00:00:00+00:00
0022600317,1610612749,1610612759,Bucks,Spurs,2026-11-29 01:00:00+00:00,regular,nba_regular_fullgame_moneyline_ot,False,8:00 pm ET,2026-12-01 01:00:00+00:00,2026-12-01 00:00:00+00:00
0022600318,1610612758,1610612740,Kings,Pelicans,2026-11-29 03:00:00+00:00,regular,nba_regular_fullgame_moneyline_ot,False,10:00 pm ET,2026-12-01 03:00:00+00:00,2026-12-01 02:00:00+00:00
0022600319,1610612739,1610612754,Cavaliers,Pacers,2026-11-30 00:00:00+00:00,regular,nba_regular_fullgame_moneyline_ot,False,7:00 pm ET,2026-12-02 00:00:00+00:00,2026-12-01 23:00:00+00:00
0022600320,1610612755,1610612763,76ers,Grizzlies,2026-11-30 00:00:00+00:00,regular,nba_regular_fullgame_moneyline_ot,False,7:00 pm ET,2026-12-02 00:00:00+00:00,2026-12-01 23:00:00+00:00
0022600321,1610612748,1610612737,Heat,Hawks,2026-11-30 00:30:00+00:00,regular,nba_regular_fullgame_moneyline_ot,False,7:30 pm ET,2026-12-02 00:30:00+00:00,2026-12-01 23:30:00+00:00
0022600322,1610612741,1610612752,Bulls,Knicks,2026-11-30 01:00:00+00:00,regular,nba_regular_fullgame_moneyline_ot,False,8:00 pm ET,2026-12-02 01:00:00+00:00,2026-12-02 00:00:00+00:00
0022600323,1610612745,1610612761,Rockets,Raptors,2026-11-30 01:30:00+00:00,regular,nba_regular_fullgame_moneyline_ot,False,8:30 pm ET,2026-12-02 01:30:00+00:00,2026-12-02 00:30:00+00:00
0022600324,1610612756,1610612746,Suns,Clippers,2026-11-30 02:00:00+00:00,regular,nba_regular_fullgame_moneyline_ot,False,9:00 pm ET,2026-12-02 02:00:00+00:00,2026-12-02 01:00:00+00:00
0022600325,1610612757,1610612750,Trail Blazers,Timberwolves,2026-11-30 03:00:00+00:00,regular,nba_regular_fullgame_moneyline_ot,False,10:00 pm ET,2026-12-02 03:00:00+00:00,2026-12-02 02:00:00+00:00
0022600326,1610612744,1610612762,Warriors,Jazz,2026-11-30 04:00:00+00:00,regular,nba_regular_fullgame_moneyline_ot,False,11:00 pm ET,2026-12-02 04:00:00+00:00,2026-12-02 03:00:00+00:00
0022600327,1610612765,1610612763,Pistons,Grizzlies,2026-12-01 00:00:00+00:00,regular,nba_regular_fullgame_moneyline_ot,False,7:00 pm ET,2026-12-03 00:00:00+00:00,2026-12-02 23:00:00+00:00
0022600328,1610612755,1610612743,76ers,Nuggets,2026-12-01 00:00:00+00:00,regular,nba_regular_fullgame_moneyline_ot,False,7:00 pm ET,2026-12-03 00:00:00+00:00,2026-12-02 23:00:00+00:00
0022600329,1610612738,1610612766,Celtics,Hornets,2026-12-01 00:30:00+00:00,regular,nba_regular_fullgame_moneyline_ot,False,7:30 pm ET,2026-12-03 00:30:00+00:00,2026-12-02 23:30:00+00:00
0022600330,1610612742,1610612753,Mavericks,Magic,2026-12-01 01:00:00+00:00,regular,nba_regular_fullgame_moneyline_ot,False,8:00 pm ET,2026-12-03 01:00:00+00:00,2026-12-03 00:00:00+00:00
0022600331,1610612749,1610612752,Bucks,Knicks,2026-12-01 01:00:00+00:00,regular,nba_regular_fullgame_moneyline_ot,False,8:00 pm ET,2026-12-03 01:00:00+00:00,2026-12-03 00:00:00+00:00
0022600332,1610612740,1610612747,Pelicans,Lakers,2026-12-01 01:00:00+00:00,regular,nba_regular_fullgame_moneyline_ot,False,8:00 pm ET,2026-12-03 01:00:00+00:00,2026-12-03 00:00:00+00:00
0022600333,1610612760,1610612751,Thunder,Nets,2026-12-01 01:00:00+00:00,regular,nba_regular_fullgame_moneyline_ot,False,8:00 pm ET,2026-12-03 01:00:00+00:00,2026-12-03 00:00:00+00:00
0022600334,1610612756,1610612758,Suns,Kings,2026-12-01 02:00:00+00:00,regular,nba_regular_fullgame_moneyline_ot,False,9:00 pm ET,2026-12-03 02:00:00+00:00,2026-12-03 01:00:00+00:00
0022600335,1610612746,1610612750,Clippers,Timberwolves,2026-12-01 03:30:00+00:00,regular,nba_regular_fullgame_moneyline_ot,False,10:30 pm ET,2026-12-03 03:30:00+00:00,2026-12-03 02:30:00+00:00
0022600336,1610612737,1610612754,Hawks,Pacers,2026-12-02 00:00:00+00:00,regular,nba_regular_fullgame_moneyline_ot,False,7:00 pm ET,2026-12-04 00:00:00+00:00,2026-12-03 23:00:00+00:00
0022600337,1610612748,1610612764,Heat,Wizards,2026-12-02 00:30:00+00:00,regular,nba_regular_fullgame_moneyline_ot,False,7:30 pm ET,2026-12-04 00:30:00+00:00,2026-12-03 23:30:00+00:00
0022600338,1610612741,1610612739,Bulls,Cavaliers,2026-12-02 01:00:00+00:00,regular,nba_regular_fullgame_moneyline_ot,False,8:00 pm ET,2026-12-04 01:00:00+00:00,2026-12-04 00:00:00+00:00
0022600339,1610612759,1610612761,Spurs,Raptors,2026-12-02 01:00:00+00:00,regular,nba_regular_fullgame_moneyline_ot,False,8:00 pm ET,2026-12-04 01:00:00+00:00,2026-12-04 00:00:00+00:00
0022600340,1610612757,1610612762,Trail Blazers,Jazz,2026-12-02 03:00:00+00:00,regular,nba_regular_fullgame_moneyline_ot,False,10:00 pm ET,2026-12-04 03:00:00+00:00,2026-12-04 02:00:00+00:00
0022600341,1610612763,1610612749,Grizzlies,Bucks,2026-12-10 22:00:00+00:00,regular,nba_regular_fullgame_moneyline_ot,False,5:00 pm ET,2026-12-12 22:00:00+00:00,2026-12-12 21:00:00+00:00
0022600342,1610612764,1610612766,Wizards,Hornets,2026-12-11 00:00:00+00:00,regular,nba_regular_fullgame_moneyline_ot,False,7:00 pm ET,2026-12-13 00:00:00+00:00,2026-12-12 23:00:00+00:00
0022600343,1610612755,1610612753,76ers,Magic,2026-12-11 00:30:00+00:00,regular,nba_regular_fullgame_moneyline_ot,False,7:30 pm ET,2026-12-13 00:30:00+00:00,2026-12-12 23:30:00+00:00
0022600344,1610612739,1610612744,Cavaliers,Warriors,2026-12-11 01:00:00+00:00,regular,nba_regular_fullgame_moneyline_ot,False,8:00 pm ET,2026-12-13 01:00:00+00:00,2026-12-13 00:00:00+00:00
0022600345,1610612748,1610612752,Heat,Knicks,2026-12-11 01:30:00+00:00,regular,nba_regular_fullgame_moneyline_ot,False,8:30 pm ET,2026-12-13 01:30:00+00:00,2026-12-13 00:30:00+00:00
0022600346,1610612756,1610612750,Suns,Timberwolves,2026-12-11 02:00:00+00:00,regular,nba_regular_fullgame_moneyline_ot,False,9:00 pm ET,2026-12-13 02:00:00+00:00,2026-12-13 01:00:00+00:00
0022600347,1610612762,1610612743,Jazz,Nuggets,2026-12-11 02:30:00+00:00,regular,nba_regular_fullgame_moneyline_ot,False,9:30 pm ET,2026-12-13 02:30:00+00:00,2026-12-13 01:30:00+00:00
0022600348,1610612757,1610612737,Trail Blazers,Hawks,2026-12-11 03:00:00+00:00,regular,nba_regular_fullgame_moneyline_ot,False,10:00 pm ET,2026-12-13 03:00:00+00:00,2026-12-13 02:00:00+00:00
0022600349,1610612751,1610612738,Nets,Celtics,2026-12-11 20:00:00+00:00,regular,nba_regular_fullgame_moneyline_ot,False,3:00 pm ET,2026-12-13 20:00:00+00:00,2026-12-13 19:00:00+00:00
0022600350,1610612760,1610612761,Thunder,Raptors,2026-12-11 20:30:00+00:00,regular,nba_regular_fullgame_moneyline_ot,False,3:30 pm ET,2026-12-13 20:30:00+00:00,2026-12-13 19:30:00+00:00
0022600351,1610612754,1610612765,Pacers,Pistons,2026-12-11 22:00:00+00:00,regular,nba_regular_fullgame_moneyline_ot,False,5:00 pm ET,2026-12-13 22:00:00+00:00,2026-12-13 21:00:00+00:00
0022600352,1610612741,1610612745,Bulls,Rockets,2026-12-11 23:00:00+00:00,regular,nba_regular_fullgame_moneyline_ot,False,6:00 pm ET,2026-12-13 23:00:00+00:00,2026-12-13 22:00:00+00:00
0022600353,1610612759,1610612746,Spurs,Clippers,2026-12-12 00:00:00+00:00,regular,nba_regular_fullgame_moneyline_ot,False,7:00 pm ET,2026-12-14 00:00:00+00:00,2026-12-13 23:00:00+00:00
0022600354,1610612758,1610612740,Kings,Pelicans,2026-12-12 02:00:00+00:00,regular,nba_regular_fullgame_moneyline_ot,False,9:00 pm ET,2026-12-14 02:00:00+00:00,2026-12-14 01:00:00+00:00
0022600355,1610612766,1610612761,Hornets,Raptors,2026-12-13 00:00:00+00:00,regular,nba_regular_fullgame_moneyline_ot,False,7:00 pm ET,2026-12-15 00:00:00+00:00,2026-12-14 23:00:00+00:00
0022600356,1610612765,1610612751,Pistons,Nets,2026-12-13 00:00:00+00:00,regular,nba_regular_fullgame_moneyline_ot,False,7:00 pm ET,2026-12-15 00:00:00+00:00,2026-12-14 23:00:00+00:00
0022600357,1610612753,1610612755,Magic,76ers,2026-12-13 00:00:00+00:00,regular,nba_regular_fullgame_moneyline_ot,False,7:00 pm ET,2026-12-15 00:00:00+00:00,2026-12-14 23:00:00+00:00
0022600358,1610612738,1610612764,Celtics,Wizards,2026-12-13 00:30:00+00:00,regular,nba_regular_fullgame_moneyline_ot,False,7:30 pm ET,2026-12-15 00:30:00+00:00,2026-12-14 23:30:00+00:00
0022600359,1610612741,1610612748,Bulls,Heat,2026-12-13 01:00:00+00:00,regular,nba_regular_fullgame_moneyline_ot,False,8:00 pm ET,2026-12-15 01:00:00+00:00,2026-12-15 00:00:00+00:00
0022600360,1610612742,1610612749,Mavericks,Bucks,2026-12-13 01:00:00+00:00,regular,nba_regular_fullgame_moneyline_ot,False,8:00 pm ET,2026-12-15 01:00:00+00:00,2026-12-15 00:00:00+00:00
0022600361,1610612763,1610612744,Grizzlies,Warriors,2026-12-13 01:00:00+00:00,regular,nba_regular_fullgame_moneyline_ot,False,8:00 pm ET,2026-12-15 01:00:00+00:00,2026-12-15 00:00:00+00:00
0022600362,1610612745,1610612752,Rockets,Knicks,2026-12-13 01:30:00+00:00,regular,nba_regular_fullgame_moneyline_ot,False,8:30 pm ET,2026-12-15 01:30:00+00:00,2026-12-15 00:30:00+00:00
0022600363,1610612756,1610612737,Suns,Hawks,2026-12-13 02:00:00+00:00,regular,nba_regular_fullgame_moneyline_ot,False,9:00 pm ET,2026-12-15 02:00:00+00:00,2026-12-15 01:00:00+00:00
0022600364,1610612762,1610612750,Jazz,Timberwolves,2026-12-13 02:00:00+00:00,regular,nba_regular_fullgame_moneyline_ot,False,9:00 pm ET,2026-12-15 02:00:00+00:00,2026-12-15 01:00:00+00:00
0022600365,1610612747,1610612740,Lakers,Pelicans,2026-12-13 03:00:00+00:00,regular,nba_regular_fullgame_moneyline_ot,False,10:00 pm ET,2026-12-15 03:00:00+00:00,2026-12-15 02:00:00+00:00
0022600366,1610612739,1610612759,Cavaliers,Spurs,2026-12-14 01:00:00+00:00,regular,nba_regular_fullgame_moneyline_ot,False,8:00 pm ET,2026-12-16 01:00:00+00:00,2026-12-16 00:00:00+00:00
0022600367,1610612757,1610612743,Trail Blazers,Nuggets,2026-12-14 04:00:00+00:00,regular,nba_regular_fullgame_moneyline_ot,False,11:00 pm ET,2026-12-16 04:00:00+00:00,2026-12-16 03:00:00+00:00
0022600368,1610612738,1610612764,Celtics,Wizards,2026-12-15 00:00:00+00:00,regular,nba_regular_fullgame_moneyline_ot,False,7:00 pm ET,2026-12-17 00:00:00+00:00,2026-12-16 23:00:00+00:00
0022600369,1610612766,1610612746,Hornets,Clippers,2026-12-15 00:00:00+00:00,regular,nba_regular_fullgame_moneyline_ot,False,7:00 pm ET,2026-12-17 00:00:00+00:00,2026-12-16 23:00:00+00:00
0022600370,1610612765,1610612756,Pistons,Suns,2026-12-15 00:00:00+00:00,regular,nba_regular_fullgame_moneyline_ot,False,7:00 pm ET,2026-12-17 00:00:00+00:00,2026-12-16 23:00:00+00:00
0022600371,1610612754,1610612744,Pacers,Warriors,2026-12-15 00:00:00+00:00,regular,nba_regular_fullgame_moneyline_ot,False,7:00 pm ET,2026-12-17 00:00:00+00:00,2026-12-16 23:00:00+00:00
0022600372,1610612753,1610612739,Magic,Cavaliers,2026-12-15 00:00:00+00:00,regular,nba_regular_fullgame_moneyline_ot,False,7:00 pm ET,2026-12-17 00:00:00+00:00,2026-12-16 23:00:00+00:00
0022600373,1610612751,1610612742,Nets,Mavericks,2026-12-15 00:30:00+00:00,regular,nba_regular_fullgame_moneyline_ot,False,7:30 pm ET,2026-12-17 00:30:00+00:00,2026-12-16 23:30:00+00:00
0022600374,1610612761,1610612759,Raptors,Spurs,2026-12-15 00:30:00+00:00,regular,nba_regular_fullgame_moneyline_ot,False,7:30 pm ET,2026-12-17 00:30:00+00:00,2026-12-16 23:30:00+00:00
0022600375,1610612741,1610612762,Bulls,Jazz,2026-12-15 01:00:00+00:00,regular,nba_regular_fullgame_moneyline_ot,False,8:00 pm ET,2026-12-17 01:00:00+00:00,2026-12-17 00:00:00+00:00
0022600376,1610612763,1610612748,Grizzlies,Heat,2026-12-15 01:00:00+00:00,regular,nba_regular_fullgame_moneyline_ot,False,8:00 pm ET,2026-12-17 01:00:00+00:00,2026-12-17 00:00:00+00:00
0022600377,1610612740,1610612752,Pelicans,Knicks,2026-12-15 01:00:00+00:00,regular,nba_regular_fullgame_moneyline_ot,False,8:00 pm ET,2026-12-17 01:00:00+00:00,2026-12-17 00:00:00+00:00
0022600378,1610612760,1610612758,Thunder,Kings,2026-12-15 01:00:00+00:00,regular,nba_regular_fullgame_moneyline_ot,False,8:00 pm ET,2026-12-17 01:00:00+00:00,2026-12-17 00:00:00+00:00
0022600379,1610612745,1610612749,Rockets,Bucks,2026-12-15 01:30:00+00:00,regular,nba_regular_fullgame_moneyline_ot,False,8:30 pm ET,2026-12-17 01:30:00+00:00,2026-12-17 00:30:00+00:00
0022600380,1610612750,1610612747,Timberwolves,Lakers,2026-12-15 02:30:00+00:00,regular,nba_regular_fullgame_moneyline_ot,False,9:30 pm ET,2026-12-17 02:30:00+00:00,2026-12-17 01:30:00+00:00
0022600381,1610612754,1610612757,Pacers,Trail Blazers,2026-12-16 00:00:00+00:00,regular,nba_regular_fullgame_moneyline_ot,False,7:00 pm ET,2026-12-18 00:00:00+00:00,2026-12-17 23:00:00+00:00
0022600382,1610612755,1610612742,76ers,Mavericks,2026-12-16 00:00:00+00:00,regular,nba_regular_fullgame_moneyline_ot,False,7:00 pm ET,2026-12-18 00:00:00+00:00,2026-12-17 23:00:00+00:00
0022600383,1610612743,1610612737,Nuggets,Hawks,2026-12-16 02:00:00+00:00,regular,nba_regular_fullgame_moneyline_ot,False,9:00 pm ET,2026-12-18 02:00:00+00:00,2026-12-18 01:00:00+00:00
0022600384,1610612766,1610612760,Hornets,Thunder,2026-12-17 00:00:00+00:00,regular,nba_regular_fullgame_moneyline_ot,False,7:00 pm ET,2026-12-19 00:00:00+00:00,2026-12-18 23:00:00+00:00
0022600385,1610612748,1610612746,Heat,Clippers,2026-12-17 00:00:00+00:00,regular,nba_regular_fullgame_moneyline_ot,False,7:00 pm ET,2026-12-19 00:00:00+00:00,2026-12-18 23:00:00+00:00
0022600386,1610612764,1610612752,Wizards,Knicks,2026-12-17 00:00:00+00:00,regular,nba_regular_fullgame_moneyline_ot,False,7:00 pm ET,2026-12-19 00:00:00+00:00,2026-12-18 23:00:00+00:00
0022600387,1610612738,1610612762,Celtics,Jazz,2026-12-17 00:30:00+00:00,regular,nba_regular_fullgame_moneyline_ot,False,7:30 pm ET,2026-12-19 00:30:00+00:00,2026-12-18 23:30:00+00:00
0022600388,1610612751,1610612753,Nets,Magic,2026-12-17 00:30:00+00:00,regular,nba_regular_fullgame_moneyline_ot,False,7:30 pm ET,2026-12-19 00:30:00+00:00,2026-12-18 23:30:00+00:00
0022600389,1610612765,1610612739,Pistons,Cavaliers,2026-12-17 00:30:00+00:00,regular,nba_regular_fullgame_moneyline_ot,False,7:30 pm ET,2026-12-19 00:30:00+00:00,2026-12-18 23:30:00+00:00
0022600390,1610612761,1610612744,Raptors,Warriors,2026-12-17 00:30:00+00:00,regular,nba_regular_fullgame_moneyline_ot,False,7:30 pm ET,2026-12-19 00:30:00+00:00,2026-12-18 23:30:00+00:00
0022600391,1610612763,1610612745,Grizzlies,Rockets,2026-12-17 01:00:00+00:00,regular,nba_regular_fullgame_moneyline_ot,False,8:00 pm ET,2026-12-19 01:00:00+00:00,2026-12-19 00:00:00+00:00
0022600392,1610612749,1610612756,Bucks,Suns,2026-12-17 01:00:00+00:00,regular,nba_regular_fullgame_moneyline_ot,False,8:00 pm ET,2026-12-19 01:00:00+00:00,2026-12-19 00:00:00+00:00
0022600393,1610612750,1610612747,Timberwolves,Lakers,2026-12-17 01:00:00+00:00,regular,nba_regular_fullgame_moneyline_ot,False,8:00 pm ET,2026-12-19 01:00:00+00:00,2026-12-19 00:00:00+00:00
0022600394,1610612740,1610612758,Pelicans,Kings,2026-12-17 01:00:00+00:00,regular,nba_regular_fullgame_moneyline_ot,False,8:00 pm ET,2026-12-19 01:00:00+00:00,2026-12-19 00:00:00+00:00
0022600395,1610612759,1610612741,Spurs,Bulls,2026-12-17 01:00:00+00:00,regular,nba_regular_fullgame_moneyline_ot,False,8:00 pm ET,2026-12-19 01:00:00+00:00,2026-12-19 00:00:00+00:00
0022600396,1610612766,1610612757,Hornets,Trail Blazers,2026-12-17 23:00:00+00:00,regular,nba_regular_fullgame_moneyline_ot,False,6:00 pm ET,2026-12-19 23:00:00+00:00,2026-12-19 22:00:00+00:00
0022600397,1610612737,1610612753,Hawks,Magic,2026-12-18 00:00:00+00:00,regular,nba_regular_fullgame_moneyline_ot,False,7:00 pm ET,2026-12-20 00:00:00+00:00,2026-12-19 23:00:00+00:00
0022600398,1610612742,1610612741,Mavericks,Bulls,2026-12-18 01:00:00+00:00,regular,nba_regular_fullgame_moneyline_ot,False,8:00 pm ET,2026-12-20 01:00:00+00:00,2026-12-20 00:00:00+00:00
0022600399,1610612743,1610612747,Nuggets,Lakers,2026-12-18 02:00:00+00:00,regular,nba_regular_fullgame_moneyline_ot,False,9:00 pm ET,2026-12-20 02:00:00+00:00,2026-12-20 01:00:00+00:00
0022600400,1610612751,1610612764,Nets,Wizards,2026-12-18 20:00:00+00:00,regular,nba_regular_fullgame_moneyline_ot,False,3:00 pm ET,2026-12-20 20:00:00+00:00,2026-12-20 19:00:00+00:00
0022600401,1610612761,1610612745,Raptors,Rockets,2026-12-18 20:30:00+00:00,regular,nba_regular_fullgame_moneyline_ot,False,3:30 pm ET,2026-12-20 20:30:00+00:00,2026-12-20 19:30:00+00:00
0022600402,1610612763,1610612756,Grizzlies,Suns,2026-12-18 21:00:00+00:00,regular,nba_regular_fullgame_moneyline_ot,False,4:00 pm ET,2026-12-20 21:00:00+00:00,2026-12-20 20:00:00+00:00
0022600403,1610612739,1610612762,Cavaliers,Jazz,2026-12-18 23:00:00+00:00,regular,nba_regular_fullgame_moneyline_ot,False,6:00 pm ET,2026-12-20 23:00:00+00:00,2026-12-20 22:00:00+00:00
0022600404,1610612748,1610612758,Heat,Kings,2026-12-18 23:00:00+00:00,regular,nba_regular_fullgame_moneyline_ot,False,6:00 pm ET,2026-12-20 23:00:00+00:00,2026-12-20 22:00:00+00:00
0022600405,1610612737,1610612760,Hawks,Thunder,2026-12-19 00:00:00+00:00,regular,nba_regular_fullgame_moneyline_ot,False,7:00 pm ET,2026-12-21 00:00:00+00:00,2026-12-20 23:00:00+00:00
0022600406,1610612740,1610612759,Pelicans,Spurs,2026-12-19 00:00:00+00:00,regular,nba_regular_fullgame_moneyline_ot,False,7:00 pm ET,2026-12-21 00:00:00+00:00,2026-12-20 23:00:00+00:00
0022600407,1610612738,1610612765,Celtics,Pistons,2026-12-19 01:00:00+00:00,regular,nba_regular_fullgame_moneyline_ot,False,8:00 pm ET,2026-12-21 01:00:00+00:00,2026-12-21 00:00:00+00:00
0022600408,1610612749,1610612744,Bucks,Warriors,2026-12-19 01:00:00+00:00,regular,nba_regular_fullgame_moneyline_ot,False,8:00 pm ET,2026-12-21 01:00:00+00:00,2026-12-21 00:00:00+00:00
0022600409,1610612746,1610612754,Clippers,Pacers,2026-12-19 03:00:00+00:00,regular,nba_regular_fullgame_moneyline_ot,False,10:00 pm ET,2026-12-21 03:00:00+00:00,2026-12-21 02:00:00+00:00
0022600410,1610612766,1610612755,Hornets,76ers,2026-12-20 00:00:00+00:00,regular,nba_regular_fullgame_moneyline_ot,False,7:00 pm ET,2026-12-22 00:00:00+00:00,2026-12-21 23:00:00+00:00
0022600411,1610612739,1610612752,Cavaliers,Knicks,2026-12-20 00:00:00+00:00,regular,nba_regular_fullgame_moneyline_ot,False,7:00 pm ET,2026-12-22 00:00:00+00:00,2026-12-21 23:00:00+00:00
0022600412,1610612753,1610612758,Magic,Kings,2026-12-20 00:00:00+00:00,regular,nba_regular_fullgame_moneyline_ot,False,7:00 pm ET,2026-12-22 00:00:00+00:00,2026-12-21 23:00:00+00:00
0022600413,1610612751,1610612757,Nets,Trail Blazers,2026-12-20 00:30:00+00:00,regular,nba_regular_fullgame_moneyline_ot,False,7:30 pm ET,2026-12-22 00:30:00+00:00,2026-12-21 23:30:00+00:00
0022600414,1610612748,1610612741,Heat,Bulls,2026-12-20 00:30:00+00:00,regular,nba_regular_fullgame_moneyline_ot,False,7:30 pm ET,2026-12-22 00:30:00+00:00,2026-12-21 23:30:00+00:00
0022600415,1610612750,1610612756,Timberwolves,Suns,2026-12-20 01:00:00+00:00,regular,nba_regular_fullgame_moneyline_ot,False,8:00 pm ET,2026-12-22 01:00:00+00:00,2026-12-22 00:00:00+00:00
0022600416,1610612740,1610612763,Pelicans,Grizzlies,2026-12-20 01:00:00+00:00,regular,nba_regular_fullgame_moneyline_ot,False,8:00 pm ET,2026-12-22 01:00:00+00:00,2026-12-22 00:00:00+00:00
0022600417,1610612759,1610612749,Spurs,Bucks,2026-12-20 01:00:00+00:00,regular,nba_regular_fullgame_moneyline_ot,False,8:00 pm ET,2026-12-22 01:00:00+00:00,2026-12-22 00:00:00+00:00
0022600418,1610612747,1610612754,Lakers,Pacers,2026-12-20 03:00:00+00:00,regular,nba_regular_fullgame_moneyline_ot,False,10:00 pm ET,2026-12-22 03:00:00+00:00,2026-12-22 02:00:00+00:00
0022600419,1610612746,1610612743,Clippers,Nuggets,2026-12-20 03:30:00+00:00,regular,nba_regular_fullgame_moneyline_ot,False,10:30 pm ET,2026-12-22 03:30:00+00:00,2026-12-22 02:30:00+00:00
0022600420,1610612764,1610612761,Wizards,Raptors,2026-12-21 00:00:00+00:00,regular,nba_regular_fullgame_moneyline_ot,False,7:00 pm ET,2026-12-23 00:00:00+00:00,2026-12-22 23:00:00+00:00
0022600421,1610612760,1610612765,Thunder,Pistons,2026-12-21 01:00:00+00:00,regular,nba_regular_fullgame_moneyline_ot,False,8:00 pm ET,2026-12-23 01:00:00+00:00,2026-12-23 00:00:00+00:00
0022600422,1610612744,1610612742,Warriors,Mavericks,2026-12-21 03:30:00+00:00,regular,nba_regular_fullgame_moneyline_ot,False,10:30 pm ET,2026-12-23 03:30:00+00:00,2026-12-23 02:30:00+00:00
0022600423,1610612737,1610612765,Hawks,Pistons,2026-12-22 00:00:00+00:00,regular,nba_regular_fullgame_moneyline_ot,False,7:00 pm ET,2026-12-24 00:00:00+00:00,2026-12-23 23:00:00+00:00
0022600424,1610612753,1610612766,Magic,Hornets,2026-12-22 00:00:00+00:00,regular,nba_regular_fullgame_moneyline_ot,False,7:00 pm ET,2026-12-24 00:00:00+00:00,2026-12-23 23:00:00+00:00
0022600425,1610612764,1610612739,Wizards,Cavaliers,2026-12-22 00:00:00+00:00,regular,nba_regular_fullgame_moneyline_ot,False,7:00 pm ET,2026-12-24 00:00:00+00:00,2026-12-23 23:00:00+00:00
0022600426,1610612738,1610612757,Celtics,Trail Blazers,2026-12-22 00:30:00+00:00,regular,nba_regular_fullgame_moneyline_ot,False,7:30 pm ET,2026-12-24 00:30:00+00:00,2026-12-23 23:30:00+00:00
0022600427,1610612751,1610612759,Nets,Spurs,2026-12-22 00:30:00+00:00,regular,nba_regular_fullgame_moneyline_ot,False,7:30 pm ET,2026-12-24 00:30:00+00:00,2026-12-23 23:30:00+00:00
0022600428,1610612748,1610612741,Heat,Bulls,2026-12-22 00:30:00+00:00,regular,nba_regular_fullgame_moneyline_ot,False,7:30 pm ET,2026-12-24 00:30:00+00:00,2026-12-23 23:30:00+00:00
0022600429,1610612752,1610612762,Knicks,Jazz,2026-12-22 00:30:00+00:00,regular,nba_regular_fullgame_moneyline_ot,False,7:30 pm ET,2026-12-24 00:30:00+00:00,2026-12-23 23:30:00+00:00
0022600430,1610612755,1610612745,76ers,Rockets,2026-12-22 00:30:00+00:00,regular,nba_regular_fullgame_moneyline_ot,False,7:30 pm ET,2026-12-24 00:30:00+00:00,2026-12-23 23:30:00+00:00
0022600431,1610612763,1610612761,Grizzlies,Raptors,2026-12-22 01:00:00+00:00,regular,nba_regular_fullgame_moneyline_ot,False,8:00 pm ET,2026-12-24 01:00:00+00:00,2026-12-24 00:00:00+00:00
0022600432,1610612749,1610612750,Bucks,Timberwolves,2026-12-22 01:00:00+00:00,regular,nba_regular_fullgame_moneyline_ot,False,8:00 pm ET,2026-12-24 01:00:00+00:00,2026-12-24 00:00:00+00:00
0022600433,1610612740,1610612760,Pelicans,Thunder,2026-12-22 01:00:00+00:00,regular,nba_regular_fullgame_moneyline_ot,False,8:00 pm ET,2026-12-24 01:00:00+00:00,2026-12-24 00:00:00+00:00
0022600434,1610612756,1610612754,Suns,Pacers,2026-12-22 02:00:00+00:00,regular,nba_regular_fullgame_moneyline_ot,False,9:00 pm ET,2026-12-24 02:00:00+00:00,2026-12-24 01:00:00+00:00
0022600435,1610612747,1610612743,Lakers,Nuggets,2026-12-22 03:00:00+00:00,regular,nba_regular_fullgame_moneyline_ot,False,10:00 pm ET,2026-12-24 03:00:00+00:00,2026-12-24 02:00:00+00:00
0022600436,1610612758,1610612742,Kings,Mavericks,2026-12-22 03:00:00+00:00,regular,nba_regular_fullgame_moneyline_ot,False,10:00 pm ET,2026-12-24 03:00:00+00:00,2026-12-24 02:00:00+00:00
0022600437,1610612746,1610612744,Clippers,Warriors,2026-12-22 03:30:00+00:00,regular,nba_regular_fullgame_moneyline_ot,False,10:30 pm ET,2026-12-24 03:30:00+00:00,2026-12-24 02:30:00+00:00
0022600010,1610612752,1610612759,Knicks,Spurs,2026-12-23 17:00:00+00:00,regular,nba_regular_fullgame_moneyline_ot,False,12:00 pm ET,2026-12-25 17:00:00+00:00,2026-12-25 16:00:00+00:00
0022600011,1610612738,1610612748,Celtics,Heat,2026-12-23 19:30:00+00:00,regular,nba_regular_fullgame_moneyline_ot,False,2:30 pm ET,2026-12-25 19:30:00+00:00,2026-12-25 18:30:00+00:00
0022600012,1610612747,1610612755,Lakers,76ers,2026-12-23 22:00:00+00:00,regular,nba_regular_fullgame_moneyline_ot,False,5:00 pm ET,2026-12-25 22:00:00+00:00,2026-12-25 21:00:00+00:00
0022600013,1610612750,1610612760,Timberwolves,Thunder,2026-12-24 01:00:00+00:00,regular,nba_regular_fullgame_moneyline_ot,False,8:00 pm ET,2026-12-26 01:00:00+00:00,2026-12-26 00:00:00+00:00
0022600014,1610612744,1610612743,Warriors,Nuggets,2026-12-24 03:30:00+00:00,regular,nba_regular_fullgame_moneyline_ot,False,10:30 pm ET,2026-12-26 03:30:00+00:00,2026-12-26 02:30:00+00:00
0022600438,1610612764,1610612757,Wizards,Trail Blazers,2026-12-24 18:00:00+00:00,regular,nba_regular_fullgame_moneyline_ot,False,1:00 pm ET,2026-12-26 18:00:00+00:00,2026-12-26 17:00:00+00:00
0022600439,1610612737,1610612766,Hawks,Hornets,2026-12-24 20:30:00+00:00,regular,nba_regular_fullgame_moneyline_ot,False,3:30 pm ET,2026-12-26 20:30:00+00:00,2026-12-26 19:30:00+00:00
0022600440,1610612762,1610612754,Jazz,Pacers,2026-12-24 22:00:00+00:00,regular,nba_regular_fullgame_moneyline_ot,False,5:00 pm ET,2026-12-26 22:00:00+00:00,2026-12-26 21:00:00+00:00
0022600441,1610612751,1610612740,Nets,Pelicans,2026-12-24 23:00:00+00:00,regular,nba_regular_fullgame_moneyline_ot,False,6:00 pm ET,2026-12-26 23:00:00+00:00,2026-12-26 22:00:00+00:00
0022600442,1610612753,1610612761,Magic,Raptors,2026-12-25 00:00:00+00:00,regular,nba_regular_fullgame_moneyline_ot,False,7:00 pm ET,2026-12-27 00:00:00+00:00,2026-12-26 23:00:00+00:00
0022600443,1610612741,1610612765,Bulls,Pistons,2026-12-25 01:00:00+00:00,regular,nba_regular_fullgame_moneyline_ot,False,8:00 pm ET,2026-12-27 01:00:00+00:00,2026-12-27 00:00:00+00:00
0022600444,1610612742,1610612756,Mavericks,Suns,2026-12-25 01:00:00+00:00,regular,nba_regular_fullgame_moneyline_ot,False,8:00 pm ET,2026-12-27 01:00:00+00:00,2026-12-27 00:00:00+00:00
0022600445,1610612746,1610612763,Clippers,Grizzlies,2026-12-25 03:30:00+00:00,regular,nba_regular_fullgame_moneyline_ot,False,10:30 pm ET,2026-12-27 03:30:00+00:00,2026-12-27 02:30:00+00:00
0022600446,1610612745,1610612760,Rockets,Thunder,2026-12-25 20:30:00+00:00,regular,nba_regular_fullgame_moneyline_ot,False,3:30 pm ET,2026-12-27 20:30:00+00:00,2026-12-27 19:30:00+00:00
0022600447,1610612739,1610612764,Cavaliers,Wizards,2026-12-25 23:00:00+00:00,regular,nba_regular_fullgame_moneyline_ot,False,6:00 pm ET,2026-12-27 23:00:00+00:00,2026-12-27 22:00:00+00:00
0022600448,1610612748,1610612766,Heat,Hornets,2026-12-25 23:00:00+00:00,regular,nba_regular_fullgame_moneyline_ot,False,6:00 pm ET,2026-12-27 23:00:00+00:00,2026-12-27 22:00:00+00:00
0022600449,1610612752,1610612751,Knicks,Nets,2026-12-25 23:00:00+00:00,regular,nba_regular_fullgame_moneyline_ot,False,6:00 pm ET,2026-12-27 23:00:00+00:00,2026-12-27 22:00:00+00:00
0022600450,1610612753,1610612749,Magic,Bucks,2026-12-25 23:00:00+00:00,regular,nba_regular_fullgame_moneyline_ot,False,6:00 pm ET,2026-12-27 23:00:00+00:00,2026-12-27 22:00:00+00:00
0022600451,1610612758,1610612762,Kings,Jazz,2026-12-25 23:00:00+00:00,regular,nba_regular_fullgame_moneyline_ot,False,6:00 pm ET,2026-12-27 23:00:00+00:00,2026-12-27 22:00:00+00:00
0022600452,1610612765,1610612757,Pistons,Trail Blazers,2026-12-26 00:00:00+00:00,regular,nba_regular_fullgame_moneyline_ot,False,7:00 pm ET,2026-12-28 00:00:00+00:00,2026-12-27 23:00:00+00:00
0022600453,1610612759,1610612737,Spurs,Hawks,2026-12-26 00:00:00+00:00,regular,nba_regular_fullgame_moneyline_ot,False,7:00 pm ET,2026-12-28 00:00:00+00:00,2026-12-27 23:00:00+00:00
0022600454,1610612743,1610612754,Nuggets,Pacers,2026-12-26 01:00:00+00:00,regular,nba_regular_fullgame_moneyline_ot,False,8:00 pm ET,2026-12-28 01:00:00+00:00,2026-12-28 00:00:00+00:00
0022600455,1610612744,1610612750,Warriors,Timberwolves,2026-12-26 01:30:00+00:00,regular,nba_regular_fullgame_moneyline_ot,False,8:30 pm ET,2026-12-28 01:30:00+00:00,2026-12-28 00:30:00+00:00
0022600456,1610612746,1610612755,Clippers,76ers,2026-12-26 02:00:00+00:00,regular,nba_regular_fullgame_moneyline_ot,False,9:00 pm ET,2026-12-28 02:00:00+00:00,2026-12-28 01:00:00+00:00
0022600457,1610612747,1610612763,Lakers,Grizzlies,2026-12-26 02:00:00+00:00,regular,nba_regular_fullgame_moneyline_ot,False,9:00 pm ET,2026-12-28 02:00:00+00:00,2026-12-28 01:00:00+00:00
0022600458,1610612761,1610612740,Raptors,Pelicans,2026-12-27 00:30:00+00:00,regular,nba_regular_fullgame_moneyline_ot,False,7:30 pm ET,2026-12-29 00:30:00+00:00,2026-12-28 23:30:00+00:00
0022600459,1610612738,1610612739,Celtics,Cavaliers,2026-12-27 01:00:00+00:00,regular,nba_regular_fullgame_moneyline_ot,False,8:00 pm ET,2026-12-29 01:00:00+00:00,2026-12-29 00:00:00+00:00
0022600460,1610612756,1610612744,Suns,Warriors,2026-12-27 02:00:00+00:00,regular,nba_regular_fullgame_moneyline_ot,False,9:00 pm ET,2026-12-29 02:00:00+00:00,2026-12-29 01:00:00+00:00
0022600461,1610612743,1610612750,Nuggets,Timberwolves,2026-12-27 03:30:00+00:00,regular,nba_regular_fullgame_moneyline_ot,False,10:30 pm ET,2026-12-29 03:30:00+00:00,2026-12-29 02:30:00+00:00
0022600462,1610612737,1610612741,Hawks,Bulls,2026-12-28 00:00:00+00:00,regular,nba_regular_fullgame_moneyline_ot,False,7:00 pm ET,2026-12-30 00:00:00+00:00,2026-12-29 23:00:00+00:00
0022600463,1610612766,1610612753,Hornets,Magic,2026-12-28 00:00:00+00:00,regular,nba_regular_fullgame_moneyline_ot,False,7:00 pm ET,2026-12-30 00:00:00+00:00,2026-12-29 23:00:00+00:00
0022600464,1610612754,1610612746,Pacers,Clippers,2026-12-28 00:00:00+00:00,regular,nba_regular_fullgame_moneyline_ot,False,7:00 pm ET,2026-12-30 00:00:00+00:00,2026-12-29 23:00:00+00:00
0022600465,1610612742,1610612748,Mavericks,Heat,2026-12-28 01:00:00+00:00,regular,nba_regular_fullgame_moneyline_ot,False,8:00 pm ET,2026-12-30 01:00:00+00:00,2026-12-30 00:00:00+00:00
0022600466,1610612763,1610612759,Grizzlies,Spurs,2026-12-28 01:00:00+00:00,regular,nba_regular_fullgame_moneyline_ot,False,8:00 pm ET,2026-12-30 01:00:00+00:00,2026-12-30 00:00:00+00:00
0022600467,1610612760,1610612749,Thunder,Bucks,2026-12-28 01:00:00+00:00,regular,nba_regular_fullgame_moneyline_ot,False,8:00 pm ET,2026-12-30 01:00:00+00:00,2026-12-30 00:00:00+00:00
0022600468,1610612757,1610612751,Trail Blazers,Nets,2026-12-28 03:00:00+00:00,regular,nba_regular_fullgame_moneyline_ot,False,10:00 pm ET,2026-12-30 03:00:00+00:00,2026-12-30 02:00:00+00:00
0022600469,1610612758,1610612755,Kings,76ers,2026-12-28 03:00:00+00:00,regular,nba_regular_fullgame_moneyline_ot,False,10:00 pm ET,2026-12-30 03:00:00+00:00,2026-12-30 02:00:00+00:00
0022600470,1610612747,1610612745,Lakers,Rockets,2026-12-28 03:30:00+00:00,regular,nba_regular_fullgame_moneyline_ot,False,10:30 pm ET,2026-12-30 03:30:00+00:00,2026-12-30 02:30:00+00:00
0022600471,1610612765,1610612740,Pistons,Pelicans,2026-12-29 00:00:00+00:00,regular,nba_regular_fullgame_moneyline_ot,False,7:00 pm ET,2026-12-31 00:00:00+00:00,2026-12-30 23:00:00+00:00
0022600472,1610612761,1610612764,Raptors,Wizards,2026-12-29 00:30:00+00:00,regular,nba_regular_fullgame_moneyline_ot,False,7:30 pm ET,2026-12-31 00:30:00+00:00,2026-12-30 23:30:00+00:00
0022600473,1610612741,1610612738,Bulls,Celtics,2026-12-29 01:00:00+00:00,regular,nba_regular_fullgame_moneyline_ot,False,8:00 pm ET,2026-12-31 01:00:00+00:00,2026-12-31 00:00:00+00:00
0022600474,1610612756,1610612755,Suns,76ers,2026-12-29 02:00:00+00:00,regular,nba_regular_fullgame_moneyline_ot,False,9:00 pm ET,2026-12-31 02:00:00+00:00,2026-12-31 01:00:00+00:00
0022600475,1610612762,1610612752,Jazz,Knicks,2026-12-29 02:00:00+00:00,regular,nba_regular_fullgame_moneyline_ot,False,9:00 pm ET,2026-12-31 02:00:00+00:00,2026-12-31 01:00:00+00:00
0022600476,1610612744,1610612745,Warriors,Rockets,2026-12-29 03:00:00+00:00,regular,nba_regular_fullgame_moneyline_ot,False,10:00 pm ET,2026-12-31 03:00:00+00:00,2026-12-31 02:00:00+00:00
0022600477,1610612766,1610612759,Hornets,Spurs,2026-12-29 18:00:00+00:00,regular,nba_regular_fullgame_moneyline_ot,False,1:00 pm ET,2026-12-31 18:00:00+00:00,2026-12-31 17:00:00+00:00
0022600478,1610612737,1610612749,Hawks,Bucks,2026-12-29 20:00:00+00:00,regular,nba_regular_fullgame_moneyline_ot,False,3:00 pm ET,2026-12-31 20:00:00+00:00,2026-12-31 19:00:00+00:00
0022600479,1610612739,1610612746,Cavaliers,Clippers,2026-12-29 20:00:00+00:00,regular,nba_regular_fullgame_moneyline_ot,False,3:00 pm ET,2026-12-31 20:00:00+00:00,2026-12-31 19:00:00+00:00
0022600480,1610612754,1610612753,Pacers,Magic,2026-12-29 20:00:00+00:00,regular,nba_regular_fullgame_moneyline_ot,False,3:00 pm ET,2026-12-31 20:00:00+00:00,2026-12-31 19:00:00+00:00
0022600481,1610612750,1610612743,Timberwolves,Nuggets,2026-12-29 21:00:00+00:00,regular,nba_regular_fullgame_moneyline_ot,False,4:00 pm ET,2026-12-31 21:00:00+00:00,2026-12-31 20:00:00+00:00
0022600482,1610612758,1610612751,Kings,Nets,2026-12-29 23:00:00+00:00,regular,nba_regular_fullgame_moneyline_ot,False,6:00 pm ET,2026-12-31 23:00:00+00:00,2026-12-31 22:00:00+00:00
0022600483,1610612740,1610612747,Pelicans,Lakers,2026-12-30 01:00:00+00:00,regular,nba_regular_fullgame_moneyline_ot,False,8:00 pm ET,2027-01-01 01:00:00+00:00,2027-01-01 00:00:00+00:00
0022600484,1610612760,1610612748,Thunder,Heat,2026-12-30 01:00:00+00:00,regular,nba_regular_fullgame_moneyline_ot,False,8:00 pm ET,2027-01-01 01:00:00+00:00,2027-01-01 00:00:00+00:00
0022600485,1610612756,1610612752,Suns,Knicks,2026-12-30 02:00:00+00:00,regular,nba_regular_fullgame_moneyline_ot,False,9:00 pm ET,2027-01-01 02:00:00+00:00,2027-01-01 01:00:00+00:00
0022600486,1610612764,1610612759,Wizards,Spurs,2026-12-30 22:00:00+00:00,regular,nba_regular_fullgame_moneyline_ot,False,5:00 pm ET,2027-01-01 22:00:00+00:00,2027-01-01 21:00:00+00:00
0022600487,1610612765,1610612753,Pistons,Magic,2026-12-31 00:30:00+00:00,regular,nba_regular_fullgame_moneyline_ot,False,7:30 pm ET,2027-01-02 00:30:00+00:00,2027-01-01 23:30:00+00:00
0022600488,1610612761,1610612746,Raptors,Clippers,2026-12-31 00:30:00+00:00,regular,nba_regular_fullgame_moneyline_ot,False,7:30 pm ET,2027-01-02 00:30:00+00:00,2027-01-01 23:30:00+00:00
0022600489,1610612749,1610612755,Bucks,76ers,2026-12-31 01:00:00+00:00,regular,nba_regular_fullgame_moneyline_ot,False,8:00 pm ET,2027-01-02 01:00:00+00:00,2027-01-02 00:00:00+00:00
0022600490,1610612745,1610612742,Rockets,Mavericks,2026-12-31 01:30:00+00:00,regular,nba_regular_fullgame_moneyline_ot,False,8:30 pm ET,2027-01-02 01:30:00+00:00,2027-01-02 00:30:00+00:00
0022600491,1610612762,1610612738,Jazz,Celtics,2026-12-31 02:30:00+00:00,regular,nba_regular_fullgame_moneyline_ot,False,9:30 pm ET,2027-01-02 02:30:00+00:00,2027-01-02 01:30:00+00:00
0022600492,1610612766,1610612739,Hornets,Cavaliers,2026-12-31 18:00:00+00:00,regular,nba_regular_fullgame_moneyline_ot,False,1:00 pm ET,2027-01-02 18:00:00+00:00,2027-01-02 17:00:00+00:00
0022600493,1610612743,1610612752,Nuggets,Knicks,2026-12-31 22:00:00+00:00,regular,nba_regular_fullgame_moneyline_ot,False,5:00 pm ET,2027-01-02 22:00:00+00:00,2027-01-02 21:00:00+00:00
0022600494,1610612754,1610612750,Pacers,Timberwolves,2027-01-01 00:00:00+00:00,regular,nba_regular_fullgame_moneyline_ot,False,7:00 pm ET,2027-01-03 00:00:00+00:00,2027-01-02 23:00:00+00:00
0022600495,1610612740,1610612748,Pelicans,Heat,2027-01-01 00:00:00+00:00,regular,nba_regular_fullgame_moneyline_ot,False,7:00 pm ET,2027-01-03 00:00:00+00:00,2027-01-02 23:00:00+00:00
0022600496,1610612737,1610612742,Hawks,Mavericks,2027-01-01 00:30:00+00:00,regular,nba_regular_fullgame_moneyline_ot,False,7:30 pm ET,2027-01-03 00:30:00+00:00,2027-01-02 23:30:00+00:00
0022600497,1610612741,1610612747,Bulls,Lakers,2027-01-01 01:00:00+00:00,regular,nba_regular_fullgame_moneyline_ot,False,8:00 pm ET,2027-01-03 01:00:00+00:00,2027-01-03 00:00:00+00:00
0022600498,1610612760,1610612762,Thunder,Jazz,2027-01-01 01:00:00+00:00,regular,nba_regular_fullgame_moneyline_ot,False,8:00 pm ET,2027-01-03 01:00:00+00:00,2027-01-03 00:00:00+00:00
0022600499,1610612744,1610612751,Warriors,Nets,2027-01-01 01:30:00+00:00,regular,nba_regular_fullgame_moneyline_ot,False,8:30 pm ET,2027-01-03 01:30:00+00:00,2027-01-03 00:30:00+00:00
0022600500,1610612756,1610612758,Suns,Kings,2027-01-01 02:00:00+00:00,regular,nba_regular_fullgame_moneyline_ot,False,9:00 pm ET,2027-01-03 02:00:00+00:00,2027-01-03 01:00:00+00:00
0022600501,1610612757,1610612738,Trail Blazers,Celtics,2027-01-01 03:00:00+00:00,regular,nba_regular_fullgame_moneyline_ot,False,10:00 pm ET,2027-01-03 03:00:00+00:00,2027-01-03 02:00:00+00:00
0022600502,1610612743,1610612765,Nuggets,Pistons,2027-01-01 22:00:00+00:00,regular,nba_regular_fullgame_moneyline_ot,False,5:00 pm ET,2027-01-03 22:00:00+00:00,2027-01-03 21:00:00+00:00
0022600503,1610612749,1610612766,Bucks,Hornets,2027-01-01 22:30:00+00:00,regular,nba_regular_fullgame_moneyline_ot,False,5:30 pm ET,2027-01-03 22:30:00+00:00,2027-01-03 21:30:00+00:00
0022600504,1610612753,1610612763,Magic,Grizzlies,2027-01-01 23:00:00+00:00,regular,nba_regular_fullgame_moneyline_ot,False,6:00 pm ET,2027-01-03 23:00:00+00:00,2027-01-03 22:00:00+00:00
0022600505,1610612761,1610612747,Raptors,Lakers,2027-01-02 00:00:00+00:00,regular,nba_regular_fullgame_moneyline_ot,False,7:00 pm ET,2027-01-04 00:00:00+00:00,2027-01-03 23:00:00+00:00
0022600506,1610612764,1610612746,Wizards,Clippers,2027-01-02 00:00:00+00:00,regular,nba_regular_fullgame_moneyline_ot,False,7:00 pm ET,2027-01-04 00:00:00+00:00,2027-01-03 23:00:00+00:00
0022600507,1610612745,1610612739,Rockets,Cavaliers,2027-01-02 00:00:00+00:00,regular,nba_regular_fullgame_moneyline_ot,False,7:00 pm ET,2027-01-04 00:00:00+00:00,2027-01-03 23:00:00+00:00
0022600508,1610612750,1610612759,Timberwolves,Spurs,2027-01-02 00:00:00+00:00,regular,nba_regular_fullgame_moneyline_ot,False,7:00 pm ET,2027-01-04 00:00:00+00:00,2027-01-03 23:00:00+00:00
0022600509,1610612760,1610612758,Thunder,Kings,2027-01-02 01:00:00+00:00,regular,nba_regular_fullgame_moneyline_ot,False,8:00 pm ET,2027-01-04 01:00:00+00:00,2027-01-04 00:00:00+00:00
0022600510,1610612754,1610612741,Pacers,Bulls,2027-01-03 00:00:00+00:00,regular,nba_regular_fullgame_moneyline_ot,False,7:00 pm ET,2027-01-05 00:00:00+00:00,2027-01-04 23:00:00+00:00
0022600511,1610612755,1610612737,76ers,Hawks,2027-01-03 00:00:00+00:00,regular,nba_regular_fullgame_moneyline_ot,False,7:00 pm ET,2027-01-05 00:00:00+00:00,2027-01-04 23:00:00+00:00
0022600512,1610612740,1610612742,Pelicans,Mavericks,2027-01-03 01:00:00+00:00,regular,nba_regular_fullgame_moneyline_ot,False,8:00 pm ET,2027-01-05 01:00:00+00:00,2027-01-05 00:00:00+00:00
0022600513,1610612756,1610612738,Suns,Celtics,2027-01-03 02:00:00+00:00,regular,nba_regular_fullgame_moneyline_ot,False,9:00 pm ET,2027-01-05 02:00:00+00:00,2027-01-05 01:00:00+00:00
0022600514,1610612762,1610612751,Jazz,Nets,2027-01-03 02:00:00+00:00,regular,nba_regular_fullgame_moneyline_ot,False,9:00 pm ET,2027-01-05 02:00:00+00:00,2027-01-05 01:00:00+00:00
0022600515,1610612757,1610612752,Trail Blazers,Knicks,2027-01-03 03:00:00+00:00,regular,nba_regular_fullgame_moneyline_ot,False,10:00 pm ET,2027-01-05 03:00:00+00:00,2027-01-05 02:00:00+00:00
0022600516,1610612766,1610612737,Hornets,Hawks,2027-01-04 00:00:00+00:00,regular,nba_regular_fullgame_moneyline_ot,False,7:00 pm ET,2027-01-06 00:00:00+00:00,2027-01-05 23:00:00+00:00
0022600517,1610612739,1610612761,Cavaliers,Raptors,2027-01-04 00:00:00+00:00,regular,nba_regular_fullgame_moneyline_ot,False,7:00 pm ET,2027-01-06 00:00:00+00:00,2027-01-05 23:00:00+00:00
0022600518,1610612753,1610612746,Magic,Clippers,2027-01-04 00:00:00+00:00,regular,nba_regular_fullgame_moneyline_ot,False,7:00 pm ET,2027-01-06 00:00:00+00:00,2027-01-05 23:00:00+00:00
0022600519,1610612764,1610612747,Wizards,Lakers,2027-01-04 00:00:00+00:00,regular,nba_regular_fullgame_moneyline_ot,False,7:00 pm ET,2027-01-06 00:00:00+00:00,2027-01-05 23:00:00+00:00
0022600520,1610612748,1610612763,Heat,Grizzlies,2027-01-04 00:30:00+00:00,regular,nba_regular_fullgame_moneyline_ot,False,7:30 pm ET,2027-01-06 00:30:00+00:00,2027-01-05 23:30:00+00:00
0022600521,1610612741,1610612749,Bulls,Bucks,2027-01-04 01:00:00+00:00,regular,nba_regular_fullgame_moneyline_ot,False,8:00 pm ET,2027-01-06 01:00:00+00:00,2027-01-06 00:00:00+00:00
0022600522,1610612745,1610612750,Rockets,Timberwolves,2027-01-04 01:00:00+00:00,regular,nba_regular_fullgame_moneyline_ot,False,8:00 pm ET,2027-01-06 01:00:00+00:00,2027-01-06 00:00:00+00:00
0022600523,1610612743,1610612756,Nuggets,Suns,2027-01-04 03:00:00+00:00,regular,nba_regular_fullgame_moneyline_ot,False,10:00 pm ET,2027-01-06 03:00:00+00:00,2027-01-06 02:00:00+00:00
0022600524,1610612758,1610612765,Kings,Pistons,2027-01-04 03:00:00+00:00,regular,nba_regular_fullgame_moneyline_ot,False,10:00 pm ET,2027-01-06 03:00:00+00:00,2027-01-06 02:00:00+00:00
0022600525,1610612751,1610612762,Nets,Jazz,2027-01-05 00:30:00+00:00,regular,nba_regular_fullgame_moneyline_ot,False,7:30 pm ET,2027-01-07 00:30:00+00:00,2027-01-06 23:30:00+00:00
0022600526,1610612755,1610612760,76ers,Thunder,2027-01-05 00:30:00+00:00,regular,nba_regular_fullgame_moneyline_ot,False,7:30 pm ET,2027-01-07 00:30:00+00:00,2027-01-06 23:30:00+00:00
0022600527,1610612740,1610612757,Pelicans,Trail Blazers,2027-01-05 01:00:00+00:00,regular,nba_regular_fullgame_moneyline_ot,False,8:00 pm ET,2027-01-07 01:00:00+00:00,2027-01-07 00:00:00+00:00
0022600528,1610612759,1610612754,Spurs,Pacers,2027-01-05 01:00:00+00:00,regular,nba_regular_fullgame_moneyline_ot,False,8:00 pm ET,2027-01-07 01:00:00+00:00,2027-01-07 00:00:00+00:00
0022600529,1610612744,1610612752,Warriors,Knicks,2027-01-05 03:00:00+00:00,regular,nba_regular_fullgame_moneyline_ot,False,10:00 pm ET,2027-01-07 03:00:00+00:00,2027-01-07 02:00:00+00:00
0022600530,1610612737,1610612754,Hawks,Pacers,2027-01-06 00:00:00+00:00,regular,nba_regular_fullgame_moneyline_ot,False,7:00 pm ET,2027-01-08 00:00:00+00:00,2027-01-07 23:00:00+00:00
0022600531,1610612766,1610612743,Hornets,Nuggets,2027-01-06 00:00:00+00:00,regular,nba_regular_fullgame_moneyline_ot,False,7:00 pm ET,2027-01-08 00:00:00+00:00,2027-01-07 23:00:00+00:00
0022600532,1610612753,1610612739,Magic,Cavaliers,2027-01-06 00:00:00+00:00,regular,nba_regular_fullgame_moneyline_ot,False,7:00 pm ET,2027-01-08 00:00:00+00:00,2027-01-07 23:00:00+00:00
0022600533,1610612764,1610612760,Wizards,Thunder,2027-01-06 00:00:00+00:00,regular,nba_regular_fullgame_moneyline_ot,False,7:00 pm ET,2027-01-08 00:00:00+00:00,2027-01-07 23:00:00+00:00
0022600534,1610612751,1610612748,Nets,Heat,2027-01-06 00:30:00+00:00,regular,nba_regular_fullgame_moneyline_ot,False,7:30 pm ET,2027-01-08 00:30:00+00:00,2027-01-07 23:30:00+00:00
0022600535,1610612761,1610612750,Raptors,Timberwolves,2027-01-06 00:30:00+00:00,regular,nba_regular_fullgame_moneyline_ot,False,7:30 pm ET,2027-01-08 00:30:00+00:00,2027-01-07 23:30:00+00:00
0022600536,1610612742,1610612757,Mavericks,Trail Blazers,2027-01-06 01:00:00+00:00,regular,nba_regular_fullgame_moneyline_ot,False,8:00 pm ET,2027-01-08 01:00:00+00:00,2027-01-08 00:00:00+00:00
0022600537,1610612749,1610612746,Bucks,Clippers,2027-01-06 01:00:00+00:00,regular,nba_regular_fullgame_moneyline_ot,False,8:00 pm ET,2027-01-08 01:00:00+00:00,2027-01-08 00:00:00+00:00
0022600538,1610612745,1610612763,Rockets,Grizzlies,2027-01-06 01:30:00+00:00,regular,nba_regular_fullgame_moneyline_ot,False,8:30 pm ET,2027-01-08 01:30:00+00:00,2027-01-08 00:30:00+00:00
0022600539,1610612744,1610612765,Warriors,Pistons,2027-01-06 03:00:00+00:00,regular,nba_regular_fullgame_moneyline_ot,False,10:00 pm ET,2027-01-08 03:00:00+00:00,2027-01-08 02:00:00+00:00
0022600540,1610612747,1610612738,Lakers,Celtics,2027-01-06 03:00:00+00:00,regular,nba_regular_fullgame_moneyline_ot,False,10:00 pm ET,2027-01-08 03:00:00+00:00,2027-01-08 02:00:00+00:00
0022600541,1610612758,1610612741,Kings,Bulls,2027-01-06 03:00:00+00:00,regular,nba_regular_fullgame_moneyline_ot,False,10:00 pm ET,2027-01-08 03:00:00+00:00,2027-01-08 02:00:00+00:00
0022600542,1610612755,1610612748,76ers,Heat,2027-01-07 00:00:00+00:00,regular,nba_regular_fullgame_moneyline_ot,False,7:00 pm ET,2027-01-09 00:00:00+00:00,2027-01-08 23:00:00+00:00
0022600543,1610612764,1610612750,Wizards,Timberwolves,2027-01-07 00:00:00+00:00,regular,nba_regular_fullgame_moneyline_ot,False,7:00 pm ET,2027-01-09 00:00:00+00:00,2027-01-08 23:00:00+00:00
0022600544,1610612761,1610612762,Raptors,Jazz,2027-01-07 00:30:00+00:00,regular,nba_regular_fullgame_moneyline_ot,False,7:30 pm ET,2027-01-09 00:30:00+00:00,2027-01-08 23:30:00+00:00
0022600545,1610612740,1610612753,Pelicans,Magic,2027-01-07 01:00:00+00:00,regular,nba_regular_fullgame_moneyline_ot,False,8:00 pm ET,2027-01-09 01:00:00+00:00,2027-01-09 00:00:00+00:00
0022600546,1610612759,1610612763,Spurs,Grizzlies,2027-01-07 01:00:00+00:00,regular,nba_regular_fullgame_moneyline_ot,False,8:00 pm ET,2027-01-09 01:00:00+00:00,2027-01-09 00:00:00+00:00
0022600547,1610612742,1610612756,Mavericks,Suns,2027-01-07 02:30:00+00:00,regular,nba_regular_fullgame_moneyline_ot,False,9:30 pm ET,2027-01-09 02:30:00+00:00,2027-01-09 01:30:00+00:00
0022600548,1610612747,1610612765,Lakers,Pistons,2027-01-07 03:00:00+00:00,regular,nba_regular_fullgame_moneyline_ot,False,10:00 pm ET,2027-01-09 03:00:00+00:00,2027-01-09 02:00:00+00:00
0022600549,1610612758,1610612752,Kings,Knicks,2027-01-07 03:00:00+00:00,regular,nba_regular_fullgame_moneyline_ot,False,10:00 pm ET,2027-01-09 03:00:00+00:00,2027-01-09 02:00:00+00:00
0022600550,1610612739,1610612743,Cavaliers,Nuggets,2027-01-07 22:00:00+00:00,regular,nba_regular_fullgame_moneyline_ot,False,5:00 pm ET,2027-01-09 22:00:00+00:00,2027-01-09 21:00:00+00:00
0022600551,1610612751,1610612745,Nets,Rockets,2027-01-07 23:00:00+00:00,regular,nba_regular_fullgame_moneyline_ot,False,6:00 pm ET,2027-01-09 23:00:00+00:00,2027-01-09 22:00:00+00:00
0022600552,1610612754,1610612749,Pacers,Bucks,2027-01-08 00:00:00+00:00,regular,nba_regular_fullgame_moneyline_ot,False,7:00 pm ET,2027-01-10 00:00:00+00:00,2027-01-09 23:00:00+00:00
0022600553,1610612744,1610612741,Warriors,Bulls,2027-01-08 01:30:00+00:00,regular,nba_regular_fullgame_moneyline_ot,False,8:30 pm ET,2027-01-10 01:30:00+00:00,2027-01-10 00:30:00+00:00
0022600554,1610612757,1610612766,Trail Blazers,Hornets,2027-01-08 03:00:00+00:00,regular,nba_regular_fullgame_moneyline_ot,False,10:00 pm ET,2027-01-10 03:00:00+00:00,2027-01-10 02:00:00+00:00
0022600555,1610612746,1610612738,Clippers,Celtics,2027-01-08 03:30:00+00:00,regular,nba_regular_fullgame_moneyline_ot,False,10:30 pm ET,2027-01-10 03:30:00+00:00,2027-01-10 02:30:00+00:00
0022600556,1610612737,1610612759,Hawks,Spurs,2027-01-08 20:00:00+00:00,regular,nba_regular_fullgame_moneyline_ot,False,3:00 pm ET,2027-01-10 20:00:00+00:00,2027-01-10 19:00:00+00:00
0022600557,1610612765,1610612762,Pistons,Jazz,2027-01-08 23:00:00+00:00,regular,nba_regular_fullgame_moneyline_ot,False,6:00 pm ET,2027-01-10 23:00:00+00:00,2027-01-10 22:00:00+00:00
0022600558,1610612748,1610612740,Heat,Pelicans,2027-01-08 23:00:00+00:00,regular,nba_regular_fullgame_moneyline_ot,False,6:00 pm ET,2027-01-10 23:00:00+00:00,2027-01-10 22:00:00+00:00
0022600559,1610612753,1610612760,Magic,Thunder,2027-01-08 23:00:00+00:00,regular,nba_regular_fullgame_moneyline_ot,False,6:00 pm ET,2027-01-10 23:00:00+00:00,2027-01-10 22:00:00+00:00
0022600560,1610612761,1610612755,Raptors,76ers,2027-01-08 23:00:00+00:00,regular,nba_regular_fullgame_moneyline_ot,False,6:00 pm ET,2027-01-10 23:00:00+00:00,2027-01-10 22:00:00+00:00
0022600561,1610612763,1610612742,Grizzlies,Mavericks,2027-01-08 23:00:00+00:00,regular,nba_regular_fullgame_moneyline_ot,False,6:00 pm ET,2027-01-10 23:00:00+00:00,2027-01-10 22:00:00+00:00
0022600562,1610612756,1610612741,Suns,Bulls,2027-01-09 00:00:00+00:00,regular,nba_regular_fullgame_moneyline_ot,False,7:00 pm ET,2027-01-11 00:00:00+00:00,2027-01-10 23:00:00+00:00
0022600563,1610612758,1610612766,Kings,Hornets,2027-01-09 02:00:00+00:00,regular,nba_regular_fullgame_moneyline_ot,False,9:00 pm ET,2027-01-11 02:00:00+00:00,2027-01-11 01:00:00+00:00
0022600564,1610612754,1610612751,Pacers,Nets,2027-01-10 00:00:00+00:00,regular,nba_regular_fullgame_moneyline_ot,False,7:00 pm ET,2027-01-12 00:00:00+00:00,2027-01-11 23:00:00+00:00
0022600565,1610612764,1610612737,Wizards,Hawks,2027-01-10 00:00:00+00:00,regular,nba_regular_fullgame_moneyline_ot,False,7:00 pm ET,2027-01-12 00:00:00+00:00,2027-01-11 23:00:00+00:00
0022600566,1610612738,1610612745,Celtics,Rockets,2027-01-10 00:30:00+00:00,regular,nba_regular_fullgame_moneyline_ot,False,7:30 pm ET,2027-01-12 00:30:00+00:00,2027-01-11 23:30:00+00:00
0022600567,1610612752,1610612743,Knicks,Nuggets,2027-01-10 00:30:00+00:00,regular,nba_regular_fullgame_moneyline_ot,False,7:30 pm ET,2027-01-12 00:30:00+00:00,2027-01-11 23:30:00+00:00
0022600568,1610612750,1610612739,Timberwolves,Cavaliers,2027-01-10 01:00:00+00:00,regular,nba_regular_fullgame_moneyline_ot,False,8:00 pm ET,2027-01-12 01:00:00+00:00,2027-01-12 00:00:00+00:00
0022600569,1610612746,1610612747,Clippers,Lakers,2027-01-10 03:00:00+00:00,regular,nba_regular_fullgame_moneyline_ot,False,10:00 pm ET,2027-01-12 03:00:00+00:00,2027-01-12 02:00:00+00:00
0022600570,1610612748,1610612751,Heat,Nets,2027-01-11 00:30:00+00:00,regular,nba_regular_fullgame_moneyline_ot,False,7:30 pm ET,2027-01-13 00:30:00+00:00,2027-01-12 23:30:00+00:00
0022600571,1610612761,1610612765,Raptors,Pistons,2027-01-11 00:30:00+00:00,regular,nba_regular_fullgame_moneyline_ot,False,7:30 pm ET,2027-01-13 00:30:00+00:00,2027-01-12 23:30:00+00:00
0022600572,1610612755,1610612764,76ers,Wizards,2027-01-11 01:00:00+00:00,regular,nba_regular_fullgame_moneyline_ot,False,8:00 pm ET,2027-01-13 01:00:00+00:00,2027-01-13 00:00:00+00:00
0022600573,1610612763,1610612742,Grizzlies,Mavericks,2027-01-11 01:00:00+00:00,regular,nba_regular_fullgame_moneyline_ot,False,8:00 pm ET,2027-01-13 01:00:00+00:00,2027-01-13 00:00:00+00:00
0022600574,1610612749,1610612743,Bucks,Nuggets,2027-01-11 01:00:00+00:00,regular,nba_regular_fullgame_moneyline_ot,False,8:00 pm ET,2027-01-13 01:00:00+00:00,2027-01-13 00:00:00+00:00
0022600575,1610612762,1610612741,Jazz,Bulls,2027-01-11 02:00:00+00:00,regular,nba_regular_fullgame_moneyline_ot,False,9:00 pm ET,2027-01-13 02:00:00+00:00,2027-01-13 01:00:00+00:00
0022600576,1610612757,1610612753,Trail Blazers,Magic,2027-01-11 03:00:00+00:00,regular,nba_regular_fullgame_moneyline_ot,False,10:00 pm ET,2027-01-13 03:00:00+00:00,2027-01-13 02:00:00+00:00
0022600577,1610612744,1610612758,Warriors,Kings,2027-01-11 04:00:00+00:00,regular,nba_regular_fullgame_moneyline_ot,False,11:00 pm ET,2027-01-13 04:00:00+00:00,2027-01-13 03:00:00+00:00
0022600578,1610612737,1610612739,Hawks,Cavaliers,2027-01-12 00:00:00+00:00,regular,nba_regular_fullgame_moneyline_ot,False,7:00 pm ET,2027-01-14 00:00:00+00:00,2027-01-13 23:00:00+00:00
0022600579,1610612738,1610612752,Celtics,Knicks,2027-01-12 00:00:00+00:00,regular,nba_regular_fullgame_moneyline_ot,False,7:00 pm ET,2027-01-14 00:00:00+00:00,2027-01-13 23:00:00+00:00
0022600580,1610612754,1610612749,Pacers,Bucks,2027-01-12 00:00:00+00:00,regular,nba_regular_fullgame_moneyline_ot,False,7:00 pm ET,2027-01-14 00:00:00+00:00,2027-01-13 23:00:00+00:00
0022600581,1610612761,1610612756,Raptors,Suns,2027-01-12 00:30:00+00:00,regular,nba_regular_fullgame_moneyline_ot,False,7:30 pm ET,2027-01-14 00:30:00+00:00,2027-01-13 23:30:00+00:00
0022600582,1610612760,1610612745,Thunder,Rockets,2027-01-12 02:30:00+00:00,regular,nba_regular_fullgame_moneyline_ot,False,9:30 pm ET,2027-01-14 02:30:00+00:00,2027-01-14 01:30:00+00:00
0022600583,1610612744,1610612766,Warriors,Hornets,2027-01-12 03:00:00+00:00,regular,nba_regular_fullgame_moneyline_ot,False,10:00 pm ET,2027-01-14 03:00:00+00:00,2027-01-14 02:00:00+00:00
0022600584,1610612757,1610612747,Trail Blazers,Lakers,2027-01-12 03:00:00+00:00,regular,nba_regular_fullgame_moneyline_ot,False,10:00 pm ET,2027-01-14 03:00:00+00:00,2027-01-14 02:00:00+00:00
0022600075,1610612759,1610612740,Spurs,Pelicans,2027-01-12 19:00:00+00:00,regular,nba_regular_fullgame_moneyline_ot,True,2:00 pm ET,2027-01-14 19:00:00+00:00,2027-01-14 18:00:00+00:00
0022600585,1610612765,1610612742,Pistons,Mavericks,2027-01-13 00:00:00+00:00,regular,nba_regular_fullgame_moneyline_ot,False,7:00 pm ET,2027-01-15 00:00:00+00:00,2027-01-14 23:00:00+00:00
0022600586,1610612755,1610612751,76ers,Nets,2027-01-13 00:00:00+00:00,regular,nba_regular_fullgame_moneyline_ot,False,7:00 pm ET,2027-01-15 00:00:00+00:00,2027-01-14 23:00:00+00:00
0022600587,1610612752,1610612748,Knicks,Heat,2027-01-13 00:30:00+00:00,regular,nba_regular_fullgame_moneyline_ot,False,7:30 pm ET,2027-01-15 00:30:00+00:00,2027-01-14 23:30:00+00:00
0022600588,1610612741,1610612750,Bulls,Timberwolves,2027-01-13 01:00:00+00:00,regular,nba_regular_fullgame_moneyline_ot,False,8:00 pm ET,2027-01-15 01:00:00+00:00,2027-01-15 00:00:00+00:00
0022600589,1610612743,1610612763,Nuggets,Grizzlies,2027-01-13 02:00:00+00:00,regular,nba_regular_fullgame_moneyline_ot,False,9:00 pm ET,2027-01-15 02:00:00+00:00,2027-01-15 01:00:00+00:00
0022600590,1610612762,1610612766,Jazz,Hornets,2027-01-13 02:00:00+00:00,regular,nba_regular_fullgame_moneyline_ot,False,9:00 pm ET,2027-01-15 02:00:00+00:00,2027-01-15 01:00:00+00:00
0022600591,1610612747,1610612753,Lakers,Magic,2027-01-13 03:00:00+00:00,regular,nba_regular_fullgame_moneyline_ot,False,10:00 pm ET,2027-01-15 03:00:00+00:00,2027-01-15 02:00:00+00:00
0022600592,1610612758,1610612746,Kings,Clippers,2027-01-13 03:00:00+00:00,regular,nba_regular_fullgame_moneyline_ot,False,10:00 pm ET,2027-01-15 03:00:00+00:00,2027-01-15 02:00:00+00:00
0022600593,1610612737,1610612744,Hawks,Warriors,2027-01-14 00:00:00+00:00,regular,nba_regular_fullgame_moneyline_ot,False,7:00 pm ET,2027-01-16 00:00:00+00:00,2027-01-15 23:00:00+00:00
0022600594,1610612754,1610612756,Pacers,Suns,2027-01-14 00:00:00+00:00,regular,nba_regular_fullgame_moneyline_ot,False,7:00 pm ET,2027-01-16 00:00:00+00:00,2027-01-15 23:00:00+00:00
0022600595,1610612761,1610612748,Raptors,Heat,2027-01-14 00:30:00+00:00,regular,nba_regular_fullgame_moneyline_ot,False,7:30 pm ET,2027-01-16 00:30:00+00:00,2027-01-15 23:30:00+00:00
0022600596,1610612749,1610612739,Bucks,Cavaliers,2027-01-14 01:00:00+00:00,regular,nba_regular_fullgame_moneyline_ot,False,8:00 pm ET,2027-01-16 01:00:00+00:00,2027-01-16 00:00:00+00:00
0022600597,1610612760,1610612762,Thunder,Jazz,2027-01-14 01:00:00+00:00,regular,nba_regular_fullgame_moneyline_ot,False,8:00 pm ET,2027-01-16 01:00:00+00:00,2027-01-16 00:00:00+00:00
0022600598,1610612745,1610612764,Rockets,Wizards,2027-01-14 01:30:00+00:00,regular,nba_regular_fullgame_moneyline_ot,False,8:30 pm ET,2027-01-16 01:30:00+00:00,2027-01-16 00:30:00+00:00
0022600599,1610612757,1610612758,Trail Blazers,Kings,2027-01-14 03:00:00+00:00,regular,nba_regular_fullgame_moneyline_ot,False,10:00 pm ET,2027-01-16 03:00:00+00:00,2027-01-16 02:00:00+00:00
0022600600,1610612746,1610612753,Clippers,Magic,2027-01-14 03:30:00+00:00,regular,nba_regular_fullgame_moneyline_ot,False,10:30 pm ET,2027-01-16 03:30:00+00:00,2027-01-16 02:30:00+00:00
0022600601,1610612755,1610612750,76ers,Timberwolves,2027-01-14 17:30:00+00:00,regular,nba_regular_fullgame_moneyline_ot,False,12:30 pm ET,2027-01-16 17:30:00+00:00,2027-01-16 16:30:00+00:00
0022600602,1610612738,1610612751,Celtics,Nets,2027-01-15 00:00:00+00:00,regular,nba_regular_fullgame_moneyline_ot,False,7:00 pm ET,2027-01-17 00:00:00+00:00,2027-01-16 23:00:00+00:00
0022600603,1610612752,1610612742,Knicks,Mavericks,2027-01-15 00:30:00+00:00,regular,nba_regular_fullgame_moneyline_ot,False,7:30 pm ET,2027-01-17 00:30:00+00:00,2027-01-16 23:30:00+00:00
0022600604,1610612763,1610612739,Grizzlies,Cavaliers,2027-01-15 01:00:00+00:00,regular,nba_regular_fullgame_moneyline_ot,False,8:00 pm ET,2027-01-17 01:00:00+00:00,2027-01-17 00:00:00+00:00
0022600605,1610612745,1610612765,Rockets,Pistons,2027-01-15 01:30:00+00:00,regular,nba_regular_fullgame_moneyline_ot,False,8:30 pm ET,2027-01-17 01:30:00+00:00,2027-01-17 00:30:00+00:00
0022600606,1610612743,1610612766,Nuggets,Hornets,2027-01-15 02:00:00+00:00,regular,nba_regular_fullgame_moneyline_ot,False,9:00 pm ET,2027-01-17 02:00:00+00:00,2027-01-17 01:00:00+00:00
0022600076,1610612740,1610612759,Pelicans,Spurs,2027-01-15 15:30:00+00:00,regular,nba_regular_fullgame_moneyline_ot,True,10:30 am ET,2027-01-17 15:30:00+00:00,2027-01-17 14:30:00+00:00
0022600607,1610612764,1610612754,Wizards,Pacers,2027-01-15 18:00:00+00:00,regular,nba_regular_fullgame_moneyline_ot,False,1:00 pm ET,2027-01-17 18:00:00+00:00,2027-01-17 17:00:00+00:00
0022600608,1610612741,1610612761,Bulls,Raptors,2027-01-15 20:30:00+00:00,regular,nba_regular_fullgame_moneyline_ot,False,3:30 pm ET,2027-01-17 20:30:00+00:00,2027-01-17 19:30:00+00:00
0022600609,1610612760,1610612757,Thunder,Trail Blazers,2027-01-15 20:30:00+00:00,regular,nba_regular_fullgame_moneyline_ot,False,3:30 pm ET,2027-01-17 20:30:00+00:00,2027-01-17 19:30:00+00:00
0022600610,1610612762,1610612758,Jazz,Kings,2027-01-15 22:00:00+00:00,regular,nba_regular_fullgame_moneyline_ot,False,5:00 pm ET,2027-01-17 22:00:00+00:00,2027-01-17 21:00:00+00:00
0022600611,1610612748,1610612744,Heat,Warriors,2027-01-15 23:00:00+00:00,regular,nba_regular_fullgame_moneyline_ot,False,6:00 pm ET,2027-01-17 23:00:00+00:00,2027-01-17 22:00:00+00:00
0022600612,1610612743,1610612753,Nuggets,Magic,2027-01-16 01:00:00+00:00,regular,nba_regular_fullgame_moneyline_ot,False,8:00 pm ET,2027-01-18 01:00:00+00:00,2027-01-18 00:00:00+00:00
0022600613,1610612747,1610612749,Lakers,Bucks,2027-01-16 02:00:00+00:00,regular,nba_regular_fullgame_moneyline_ot,False,9:00 pm ET,2027-01-18 02:00:00+00:00,2027-01-18 01:00:00+00:00
0022600077,1610612739,1610612765,Cavaliers,Pistons,2027-01-16 17:00:00+00:00,regular,nba_regular_fullgame_moneyline_ot,False,12:00 pm ET,2027-01-18 17:00:00+00:00,2027-01-18 16:00:00+00:00
0022600078,1610612737,1610612755,Hawks,76ers,2027-01-16 19:30:00+00:00,regular,nba_regular_fullgame_moneyline_ot,False,2:30 pm ET,2027-01-18 19:30:00+00:00,2027-01-18 18:30:00+00:00
0022600614,1610612764,1610612738,Wizards,Celtics,2027-01-16 20:00:00+00:00,regular,nba_regular_fullgame_moneyline_ot,False,3:00 pm ET,2027-01-18 20:00:00+00:00,2027-01-18 19:00:00+00:00
0022600079,1610612752,1610612750,Knicks,Timberwolves,2027-01-16 22:00:00+00:00,regular,nba_regular_fullgame_moneyline_ot,False,5:00 pm ET,2027-01-18 22:00:00+00:00,2027-01-18 21:00:00+00:00
0022600080,1610612763,1610612745,Grizzlies,Rockets,2027-01-17 00:30:00+00:00,regular,nba_regular_fullgame_moneyline_ot,False,7:30 pm ET,2027-01-19 00:30:00+00:00,2027-01-18 23:30:00+00:00
0022600615,1610612742,1610612760,Mavericks,Thunder,2027-01-17 01:00:00+00:00,regular,nba_regular_fullgame_moneyline_ot,False,8:00 pm ET,2027-01-19 01:00:00+00:00,2027-01-19 00:00:00+00:00
0022600616,1610612746,1610612756,Clippers,Suns,2027-01-17 03:30:00+00:00,regular,nba_regular_fullgame_moneyline_ot,False,10:30 pm ET,2027-01-19 03:30:00+00:00,2027-01-19 02:30:00+00:00
0022600617,1610612753,1610612744,Magic,Warriors,2027-01-18 00:00:00+00:00,regular,nba_regular_fullgame_moneyline_ot,False,7:00 pm ET,2027-01-20 00:00:00+00:00,2027-01-19 23:00:00+00:00
0022600618,1610612755,1610612754,76ers,Pacers,2027-01-18 00:00:00+00:00,regular,nba_regular_fullgame_moneyline_ot,False,7:00 pm ET,2027-01-20 00:00:00+00:00,2027-01-19 23:00:00+00:00
0022600619,1610612761,1610612741,Raptors,Bulls,2027-01-18 00:00:00+00:00,regular,nba_regular_fullgame_moneyline_ot,False,7:00 pm ET,2027-01-20 00:00:00+00:00,2027-01-19 23:00:00+00:00
0022600620,1610612748,1610612757,Heat,Trail Blazers,2027-01-18 00:30:00+00:00,regular,nba_regular_fullgame_moneyline_ot,False,7:30 pm ET,2027-01-20 00:30:00+00:00,2027-01-19 23:30:00+00:00
0022600621,1610612742,1610612766,Mavericks,Hornets,2027-01-18 01:00:00+00:00,regular,nba_regular_fullgame_moneyline_ot,False,8:00 pm ET,2027-01-20 01:00:00+00:00,2027-01-20 00:00:00+00:00
0022600622,1610612743,1610612762,Nuggets,Jazz,2027-01-18 03:00:00+00:00,regular,nba_regular_fullgame_moneyline_ot,False,10:00 pm ET,2027-01-20 03:00:00+00:00,2027-01-20 02:00:00+00:00
0022600623,1610612758,1610612747,Kings,Lakers,2027-01-18 03:00:00+00:00,regular,nba_regular_fullgame_moneyline_ot,False,10:00 pm ET,2027-01-20 03:00:00+00:00,2027-01-20 02:00:00+00:00
0022600624,1610612737,1610612757,Hawks,Trail Blazers,2027-01-19 00:00:00+00:00,regular,nba_regular_fullgame_moneyline_ot,False,7:00 pm ET,2027-01-21 00:00:00+00:00,2027-01-20 23:00:00+00:00
0022600625,1610612751,1610612741,Nets,Bulls,2027-01-19 00:00:00+00:00,regular,nba_regular_fullgame_moneyline_ot,False,7:00 pm ET,2027-01-21 00:00:00+00:00,2027-01-20 23:00:00+00:00
0022600626,1610612738,1610612754,Celtics,Pacers,2027-01-19 00:30:00+00:00,regular,nba_regular_fullgame_moneyline_ot,False,7:30 pm ET,2027-01-21 00:30:00+00:00,2027-01-20 23:30:00+00:00
0022600627,1610612752,1610612761,Knicks,Raptors,2027-01-19 00:30:00+00:00,regular,nba_regular_fullgame_moneyline_ot,False,7:30 pm ET,2027-01-21 00:30:00+00:00,2027-01-20 23:30:00+00:00
0022600628,1610612750,1610612745,Timberwolves,Rockets,2027-01-19 01:00:00+00:00,regular,nba_regular_fullgame_moneyline_ot,False,8:00 pm ET,2027-01-21 01:00:00+00:00,2027-01-21 00:00:00+00:00
0022600629,1610612740,1610612760,Pelicans,Thunder,2027-01-19 01:00:00+00:00,regular,nba_regular_fullgame_moneyline_ot,False,8:00 pm ET,2027-01-21 01:00:00+00:00,2027-01-21 00:00:00+00:00
0022600630,1610612756,1610612763,Suns,Grizzlies,2027-01-19 02:00:00+00:00,regular,nba_regular_fullgame_moneyline_ot,False,9:00 pm ET,2027-01-21 02:00:00+00:00,2027-01-21 01:00:00+00:00
0022600631,1610612762,1610612746,Jazz,Clippers,2027-01-19 02:00:00+00:00,regular,nba_regular_fullgame_moneyline_ot,False,9:00 pm ET,2027-01-21 02:00:00+00:00,2027-01-21 01:00:00+00:00
0022600632,1610612759,1610612748,Spurs,Heat,2027-01-19 02:30:00+00:00,regular,nba_regular_fullgame_moneyline_ot,False,9:30 pm ET,2027-01-21 02:30:00+00:00,2027-01-21 01:30:00+00:00
0022600633,1610612758,1610612749,Kings,Bucks,2027-01-19 03:00:00+00:00,regular,nba_regular_fullgame_moneyline_ot,False,10:00 pm ET,2027-01-21 03:00:00+00:00,2027-01-21 02:00:00+00:00
0022600634,1610612738,1610612755,Celtics,76ers,2027-01-20 00:30:00+00:00,regular,nba_regular_fullgame_moneyline_ot,False,7:30 pm ET,2027-01-22 00:30:00+00:00,2027-01-21 23:30:00+00:00
0022600635,1610612751,1610612739,Nets,Cavaliers,2027-01-20 00:30:00+00:00,regular,nba_regular_fullgame_moneyline_ot,False,7:30 pm ET,2027-01-22 00:30:00+00:00,2027-01-21 23:30:00+00:00
0022600636,1610612743,1610612764,Nuggets,Wizards,2027-01-20 02:00:00+00:00,regular,nba_regular_fullgame_moneyline_ot,False,9:00 pm ET,2027-01-22 02:00:00+00:00,2027-01-22 01:00:00+00:00
0022600637,1610612744,1610612747,Warriors,Lakers,2027-01-20 03:00:00+00:00,regular,nba_regular_fullgame_moneyline_ot,False,10:00 pm ET,2027-01-22 03:00:00+00:00,2027-01-22 02:00:00+00:00
0022600638,1610612737,1610612752,Hawks,Knicks,2027-01-21 00:00:00+00:00,regular,nba_regular_fullgame_moneyline_ot,False,7:00 pm ET,2027-01-23 00:00:00+00:00,2027-01-22 23:00:00+00:00
0022600639,1610612766,1610612745,Hornets,Rockets,2027-01-21 00:00:00+00:00,regular,nba_regular_fullgame_moneyline_ot,False,7:00 pm ET,2027-01-23 00:00:00+00:00,2027-01-22 23:00:00+00:00
0022600640,1610612753,1610612757,Magic,Trail Blazers,2027-01-21 00:00:00+00:00,regular,nba_regular_fullgame_moneyline_ot,False,7:00 pm ET,2027-01-23 00:00:00+00:00,2027-01-22 23:00:00+00:00
0022600641,1610612765,1610612754,Pistons,Pacers,2027-01-21 00:30:00+00:00,regular,nba_regular_fullgame_moneyline_ot,False,7:30 pm ET,2027-01-23 00:30:00+00:00,2027-01-22 23:30:00+00:00
0022600642,1610612740,1610612742,Pelicans,Mavericks,2027-01-21 01:00:00+00:00,regular,nba_regular_fullgame_moneyline_ot,False,8:00 pm ET,2027-01-23 01:00:00+00:00,2027-01-23 00:00:00+00:00
0022600643,1610612760,1610612763,Thunder,Grizzlies,2027-01-21 01:00:00+00:00,regular,nba_regular_fullgame_moneyline_ot,False,8:00 pm ET,2027-01-23 01:00:00+00:00,2027-01-23 00:00:00+00:00
0022600644,1610612756,1610612762,Suns,Jazz,2027-01-21 02:00:00+00:00,regular,nba_regular_fullgame_moneyline_ot,False,9:00 pm ET,2027-01-23 02:00:00+00:00,2027-01-23 01:00:00+00:00
0022600645,1610612759,1610612750,Spurs,Timberwolves,2027-01-21 02:30:00+00:00,regular,nba_regular_fullgame_moneyline_ot,False,9:30 pm ET,2027-01-23 02:30:00+00:00,2027-01-23 01:30:00+00:00
0022600646,1610612744,1610612749,Warriors,Bucks,2027-01-21 03:00:00+00:00,regular,nba_regular_fullgame_moneyline_ot,False,10:00 pm ET,2027-01-23 03:00:00+00:00,2027-01-23 02:00:00+00:00
0022600647,1610612747,1610612758,Lakers,Kings,2027-01-21 03:00:00+00:00,regular,nba_regular_fullgame_moneyline_ot,False,10:00 pm ET,2027-01-23 03:00:00+00:00,2027-01-23 02:00:00+00:00
0022600648,1610612746,1610612764,Clippers,Wizards,2027-01-21 03:30:00+00:00,regular,nba_regular_fullgame_moneyline_ot,False,10:30 pm ET,2027-01-23 03:30:00+00:00,2027-01-23 02:30:00+00:00
0022600649,1610612741,1610612755,Bulls,76ers,2027-01-21 22:00:00+00:00,regular,nba_regular_fullgame_moneyline_ot,False,5:00 pm ET,2027-01-23 22:00:00+00:00,2027-01-23 21:00:00+00:00
0022600650,1610612751,1610612761,Nets,Raptors,2027-01-21 23:00:00+00:00,regular,nba_regular_fullgame_moneyline_ot,False,6:00 pm ET,2027-01-23 23:00:00+00:00,2027-01-23 22:00:00+00:00
0022600651,1610612738,1610612766,Celtics,Hornets,2027-01-22 00:00:00+00:00,regular,nba_regular_fullgame_moneyline_ot,False,7:00 pm ET,2027-01-24 00:00:00+00:00,2027-01-23 23:00:00+00:00
0022600652,1610612748,1610612737,Heat,Hawks,2027-01-22 01:00:00+00:00,regular,nba_regular_fullgame_moneyline_ot,False,8:00 pm ET,2027-01-24 01:00:00+00:00,2027-01-24 00:00:00+00:00
0022600653,1610612742,1610612739,Mavericks,Cavaliers,2027-01-22 01:00:00+00:00,regular,nba_regular_fullgame_moneyline_ot,False,8:00 pm ET,2027-01-24 01:00:00+00:00,2027-01-24 00:00:00+00:00
0022600654,1610612743,1610612749,Nuggets,Bucks,2027-01-22 02:00:00+00:00,regular,nba_regular_fullgame_moneyline_ot,False,9:00 pm ET,2027-01-24 02:00:00+00:00,2027-01-24 01:00:00+00:00
0022600655,1610612759,1610612757,Spurs,Trail Blazers,2027-01-22 20:30:00+00:00,regular,nba_regular_fullgame_moneyline_ot,False,3:30 pm ET,2027-01-24 20:30:00+00:00,2027-01-24 19:30:00+00:00
0022600656,1610612756,1610612762,Suns,Jazz,2027-01-22 21:00:00+00:00,regular,nba_regular_fullgame_moneyline_ot,False,4:00 pm ET,2027-01-24 21:00:00+00:00,2027-01-24 20:00:00+00:00
0022600657,1610612747,1610612764,Lakers,Wizards,2027-01-22 21:00:00+00:00,regular,nba_regular_fullgame_moneyline_ot,False,4:00 pm ET,2027-01-24 21:00:00+00:00,2027-01-24 20:00:00+00:00
0022600658,1610612765,1610612750,Pistons,Timberwolves,2027-01-22 23:00:00+00:00,regular,nba_regular_fullgame_moneyline_ot,False,6:00 pm ET,2027-01-24 23:00:00+00:00,2027-01-24 22:00:00+00:00
0022600659,1610612753,1610612745,Magic,Rockets,2027-01-22 23:00:00+00:00,regular,nba_regular_fullgame_moneyline_ot,False,6:00 pm ET,2027-01-24 23:00:00+00:00,2027-01-24 22:00:00+00:00
0022600660,1610612752,1610612746,Knicks,Clippers,2027-01-23 00:00:00+00:00,regular,nba_regular_fullgame_moneyline_ot,False,7:00 pm ET,2027-01-25 00:00:00+00:00,2027-01-24 23:00:00+00:00
0022600661,1610612744,1610612760,Warriors,Thunder,2027-01-23 01:30:00+00:00,regular,nba_regular_fullgame_moneyline_ot,False,8:30 pm ET,2027-01-25 01:30:00+00:00,2027-01-25 00:30:00+00:00
0022600662,1610612738,1610612761,Celtics,Raptors,2027-01-24 00:00:00+00:00,regular,nba_regular_fullgame_moneyline_ot,False,7:00 pm ET,2027-01-26 00:00:00+00:00,2027-01-25 23:00:00+00:00
0022600663,1610612766,1610612753,Hornets,Magic,2027-01-24 00:00:00+00:00,regular,nba_regular_fullgame_moneyline_ot,False,7:00 pm ET,2027-01-26 00:00:00+00:00,2027-01-25 23:00:00+00:00
0022600664,1610612755,1610612746,76ers,Clippers,2027-01-24 00:00:00+00:00,regular,nba_regular_fullgame_moneyline_ot,False,7:00 pm ET,2027-01-26 00:00:00+00:00,2027-01-25 23:00:00+00:00
0022600665,1610612751,1610612748,Nets,Heat,2027-01-24 00:30:00+00:00,regular,nba_regular_fullgame_moneyline_ot,False,7:30 pm ET,2027-01-26 00:30:00+00:00,2027-01-25 23:30:00+00:00
0022600666,1610612741,1610612742,Bulls,Mavericks,2027-01-24 01:00:00+00:00,regular,nba_regular_fullgame_moneyline_ot,False,8:00 pm ET,2027-01-26 01:00:00+00:00,2027-01-26 00:00:00+00:00
0022600667,1610612763,1610612750,Grizzlies,Timberwolves,2027-01-24 01:00:00+00:00,regular,nba_regular_fullgame_moneyline_ot,False,8:00 pm ET,2027-01-26 01:00:00+00:00,2027-01-26 00:00:00+00:00
0022600668,1610612740,1610612739,Pelicans,Cavaliers,2027-01-24 01:00:00+00:00,regular,nba_regular_fullgame_moneyline_ot,False,8:00 pm ET,2027-01-26 01:00:00+00:00,2027-01-26 00:00:00+00:00
0022600669,1610612743,1610612758,Nuggets,Kings,2027-01-24 02:30:00+00:00,regular,nba_regular_fullgame_moneyline_ot,False,9:30 pm ET,2027-01-26 02:30:00+00:00,2027-01-26 01:30:00+00:00
0022600670,1610612765,1610612737,Pistons,Hawks,2027-01-25 00:00:00+00:00,regular,nba_regular_fullgame_moneyline_ot,False,7:00 pm ET,2027-01-27 00:00:00+00:00,2027-01-26 23:00:00+00:00
0022600671,1610612754,1610612741,Pacers,Bulls,2027-01-25 00:00:00+00:00,regular,nba_regular_fullgame_moneyline_ot,False,7:00 pm ET,2027-01-27 00:00:00+00:00,2027-01-26 23:00:00+00:00
0022600672,1610612752,1610612756,Knicks,Suns,2027-01-25 00:30:00+00:00,regular,nba_regular_fullgame_moneyline_ot,False,7:30 pm ET,2027-01-27 00:30:00+00:00,2027-01-26 23:30:00+00:00
0022600673,1610612759,1610612745,Spurs,Rockets,2027-01-25 01:00:00+00:00,regular,nba_regular_fullgame_moneyline_ot,False,8:00 pm ET,2027-01-27 01:00:00+00:00,2027-01-27 00:00:00+00:00
0022600674,1610612762,1610612749,Jazz,Bucks,2027-01-25 02:00:00+00:00,regular,nba_regular_fullgame_moneyline_ot,False,9:00 pm ET,2027-01-27 02:00:00+00:00,2027-01-27 01:00:00+00:00
0022600675,1610612757,1610612764,Trail Blazers,Wizards,2027-01-25 03:00:00+00:00,regular,nba_regular_fullgame_moneyline_ot,False,10:00 pm ET,2027-01-27 03:00:00+00:00,2027-01-27 02:00:00+00:00
0022600676,1610612747,1610612760,Lakers,Thunder,2027-01-25 04:00:00+00:00,regular,nba_regular_fullgame_moneyline_ot,False,11:00 pm ET,2027-01-27 04:00:00+00:00,2027-01-27 03:00:00+00:00
0022600677,1610612739,1610612765,Cavaliers,Pistons,2027-01-26 00:00:00+00:00,regular,nba_regular_fullgame_moneyline_ot,False,7:00 pm ET,2027-01-28 00:00:00+00:00,2027-01-27 23:00:00+00:00
0022600678,1610612755,1610612758,76ers,Kings,2027-01-26 00:00:00+00:00,regular,nba_regular_fullgame_moneyline_ot,False,7:00 pm ET,2027-01-28 00:00:00+00:00,2027-01-27 23:00:00+00:00
0022600679,1610612738,1610612746,Celtics,Clippers,2027-01-26 00:30:00+00:00,regular,nba_regular_fullgame_moneyline_ot,False,7:30 pm ET,2027-01-28 00:30:00+00:00,2027-01-27 23:30:00+00:00
0022600680,1610612751,1610612756,Nets,Suns,2027-01-26 00:30:00+00:00,regular,nba_regular_fullgame_moneyline_ot,False,7:30 pm ET,2027-01-28 00:30:00+00:00,2027-01-27 23:30:00+00:00
0022600681,1610612761,1610612742,Raptors,Mavericks,2027-01-26 00:30:00+00:00,regular,nba_regular_fullgame_moneyline_ot,False,7:30 pm ET,2027-01-28 00:30:00+00:00,2027-01-27 23:30:00+00:00
0022600682,1610612759,1610612766,Spurs,Hornets,2027-01-26 01:00:00+00:00,regular,nba_regular_fullgame_moneyline_ot,False,8:00 pm ET,2027-01-28 01:00:00+00:00,2027-01-28 00:00:00+00:00
0022600683,1610612745,1610612740,Rockets,Pelicans,2027-01-26 01:30:00+00:00,regular,nba_regular_fullgame_moneyline_ot,False,8:30 pm ET,2027-01-28 01:30:00+00:00,2027-01-28 00:30:00+00:00
0022600684,1610612750,1610612743,Timberwolves,Nuggets,2027-01-26 02:30:00+00:00,regular,nba_regular_fullgame_moneyline_ot,False,9:30 pm ET,2027-01-28 02:30:00+00:00,2027-01-28 01:30:00+00:00
0022600685,1610612757,1610612744,Trail Blazers,Warriors,2027-01-26 03:00:00+00:00,regular,nba_regular_fullgame_moneyline_ot,False,10:00 pm ET,2027-01-28 03:00:00+00:00,2027-01-28 02:00:00+00:00
0022600686,1610612754,1610612747,Pacers,Lakers,2027-01-27 00:00:00+00:00,regular,nba_regular_fullgame_moneyline_ot,False,7:00 pm ET,2027-01-29 00:00:00+00:00,2027-01-28 23:00:00+00:00
0022600687,1610612752,1610612737,Knicks,Hawks,2027-01-27 00:00:00+00:00,regular,nba_regular_fullgame_moneyline_ot,False,7:00 pm ET,2027-01-29 00:00:00+00:00,2027-01-28 23:00:00+00:00
0022600688,1610612753,1610612741,Magic,Bulls,2027-01-27 00:00:00+00:00,regular,nba_regular_fullgame_moneyline_ot,False,7:00 pm ET,2027-01-29 00:00:00+00:00,2027-01-28 23:00:00+00:00
0022600689,1610612764,1610612758,Wizards,Kings,2027-01-27 00:00:00+00:00,regular,nba_regular_fullgame_moneyline_ot,False,7:00 pm ET,2027-01-29 00:00:00+00:00,2027-01-28 23:00:00+00:00
0022600690,1610612740,1610612755,Pelicans,76ers,2027-01-27 01:00:00+00:00,regular,nba_regular_fullgame_moneyline_ot,False,8:00 pm ET,2027-01-29 01:00:00+00:00,2027-01-29 00:00:00+00:00
0022600691,1610612760,1610612763,Thunder,Grizzlies,2027-01-27 01:00:00+00:00,regular,nba_regular_fullgame_moneyline_ot,False,8:00 pm ET,2027-01-29 01:00:00+00:00,2027-01-29 00:00:00+00:00
0022600692,1610612762,1610612744,Jazz,Warriors,2027-01-27 02:00:00+00:00,regular,nba_regular_fullgame_moneyline_ot,False,9:00 pm ET,2027-01-29 02:00:00+00:00,2027-01-29 01:00:00+00:00
0022600693,1610612749,1610612748,Bucks,Heat,2027-01-27 02:30:00+00:00,regular,nba_regular_fullgame_moneyline_ot,False,9:30 pm ET,2027-01-29 02:30:00+00:00,2027-01-29 01:30:00+00:00
0022600694,1610612761,1610612739,Raptors,Cavaliers,2027-01-28 00:00:00+00:00,regular,nba_regular_fullgame_moneyline_ot,False,7:00 pm ET,2027-01-30 00:00:00+00:00,2027-01-29 23:00:00+00:00
0022600695,1610612738,1610612756,Celtics,Suns,2027-01-28 00:30:00+00:00,regular,nba_regular_fullgame_moneyline_ot,False,7:30 pm ET,2027-01-30 00:30:00+00:00,2027-01-29 23:30:00+00:00
0022600696,1610612751,1610612746,Nets,Clippers,2027-01-28 00:30:00+00:00,regular,nba_regular_fullgame_moneyline_ot,False,7:30 pm ET,2027-01-30 00:30:00+00:00,2027-01-29 23:30:00+00:00
0022600697,1610612742,1610612765,Mavericks,Pistons,2027-01-28 01:00:00+00:00,regular,nba_regular_fullgame_moneyline_ot,False,8:00 pm ET,2027-01-30 01:00:00+00:00,2027-01-30 00:00:00+00:00
0022600698,1610612745,1610612753,Rockets,Magic,2027-01-28 01:30:00+00:00,regular,nba_regular_fullgame_moneyline_ot,False,8:30 pm ET,2027-01-30 01:30:00+00:00,2027-01-30 00:30:00+00:00
0022600699,1610612750,1610612766,Timberwolves,Hornets,2027-01-28 02:30:00+00:00,regular,nba_regular_fullgame_moneyline_ot,False,9:30 pm ET,2027-01-30 02:30:00+00:00,2027-01-30 01:30:00+00:00
0022600700,1610612748,1610612755,Heat,76ers,2027-01-28 17:30:00+00:00,regular,nba_regular_fullgame_moneyline_ot,False,12:30 pm ET,2027-01-30 17:30:00+00:00,2027-01-30 16:30:00+00:00
0022600701,1610612760,1610612743,Thunder,Nuggets,2027-01-28 20:00:00+00:00,regular,nba_regular_fullgame_moneyline_ot,False,3:00 pm ET,2027-01-30 20:00:00+00:00,2027-01-30 19:00:00+00:00
0022600702,1610612744,1610612759,Warriors,Spurs,2027-01-28 22:30:00+00:00,regular,nba_regular_fullgame_moneyline_ot,False,5:30 pm ET,2027-01-30 22:30:00+00:00,2027-01-30 21:30:00+00:00
0022600703,1610612754,1610612764,Pacers,Wizards,2027-01-29 00:00:00+00:00,regular,nba_regular_fullgame_moneyline_ot,False,7:00 pm ET,2027-01-31 00:00:00+00:00,2027-01-30 23:00:00+00:00
0022600704,1610612739,1610612740,Cavaliers,Pelicans,2027-01-29 00:30:00+00:00,regular,nba_regular_fullgame_moneyline_ot,False,7:30 pm ET,2027-01-31 00:30:00+00:00,2027-01-30 23:30:00+00:00
0022600705,1610612749,1610612737,Bucks,Hawks,2027-01-29 01:00:00+00:00,regular,nba_regular_fullgame_moneyline_ot,False,8:00 pm ET,2027-01-31 01:00:00+00:00,2027-01-31 00:00:00+00:00
0022600706,1610612752,1610612747,Knicks,Lakers,2027-01-29 01:30:00+00:00,regular,nba_regular_fullgame_moneyline_ot,False,8:30 pm ET,2027-01-31 01:30:00+00:00,2027-01-31 00:30:00+00:00
0022600707,1610612762,1610612763,Jazz,Grizzlies,2027-01-29 02:30:00+00:00,regular,nba_regular_fullgame_moneyline_ot,False,9:30 pm ET,2027-01-31 02:30:00+00:00,2027-01-31 01:30:00+00:00
0022600708,1610612765,1610612758,Pistons,Kings,2027-01-29 20:00:00+00:00,regular,nba_regular_fullgame_moneyline_ot,False,3:00 pm ET,2027-01-31 20:00:00+00:00,2027-01-31 19:00:00+00:00
0022600709,1610612753,1610612751,Magic,Nets,2027-01-29 23:00:00+00:00,regular,nba_regular_fullgame_moneyline_ot,False,6:00 pm ET,2027-01-31 23:00:00+00:00,2027-01-31 22:00:00+00:00
0022600710,1610612761,1610612738,Raptors,Celtics,2027-01-29 23:00:00+00:00,regular,nba_regular_fullgame_moneyline_ot,False,6:00 pm ET,2027-01-31 23:00:00+00:00,2027-01-31 22:00:00+00:00
0022600711,1610612750,1610612756,Timberwolves,Suns,2027-01-29 23:00:00+00:00,regular,nba_regular_fullgame_moneyline_ot,False,6:00 pm ET,2027-01-31 23:00:00+00:00,2027-01-31 22:00:00+00:00
0022600712,1610612760,1610612741,Thunder,Bulls,2027-01-29 23:00:00+00:00,regular,nba_regular_fullgame_moneyline_ot,False,6:00 pm ET,2027-01-31 23:00:00+00:00,2027-01-31 22:00:00+00:00
0022600713,1610612766,1610612747,Hornets,Lakers,2027-01-30 00:00:00+00:00,regular,nba_regular_fullgame_moneyline_ot,False,7:00 pm ET,2027-02-01 00:00:00+00:00,2027-01-31 23:00:00+00:00
0022600714,1610612743,1610612757,Nuggets,Trail Blazers,2027-01-30 01:00:00+00:00,regular,nba_regular_fullgame_moneyline_ot,False,8:00 pm ET,2027-02-01 01:00:00+00:00,2027-02-01 00:00:00+00:00
0022600715,1610612742,1610612745,Mavericks,Rockets,2027-01-30 01:30:00+00:00,regular,nba_regular_fullgame_moneyline_ot,False,8:30 pm ET,2027-02-01 01:30:00+00:00,2027-02-01 00:30:00+00:00
0022600716,1610612737,1610612764,Hawks,Wizards,2027-01-31 00:00:00+00:00,regular,nba_regular_fullgame_moneyline_ot,False,7:00 pm ET,2027-02-02 00:00:00+00:00,2027-02-01 23:00:00+00:00
0022600717,1610612755,1610612740,76ers,Pelicans,2027-01-31 00:00:00+00:00,regular,nba_regular_fullgame_moneyline_ot,False,7:00 pm ET,2027-02-02 00:00:00+00:00,2027-02-01 23:00:00+00:00
0022600718,1610612751,1610612752,Nets,Knicks,2027-01-31 00:30:00+00:00,regular,nba_regular_fullgame_moneyline_ot,False,7:30 pm ET,2027-02-02 00:30:00+00:00,2027-02-01 23:30:00+00:00
0022600719,1610612754,1610612748,Pacers,Heat,2027-01-31 00:30:00+00:00,regular,nba_regular_fullgame_moneyline_ot,False,7:30 pm ET,2027-02-02 00:30:00+00:00,2027-02-01 23:30:00+00:00
0022600720,1610612749,1610612763,Bucks,Grizzlies,2027-01-31 01:00:00+00:00,regular,nba_regular_fullgame_moneyline_ot,False,8:00 pm ET,2027-02-02 01:00:00+00:00,2027-02-02 00:00:00+00:00
0022600721,1610612762,1610612739,Jazz,Cavaliers,2027-01-31 02:00:00+00:00,regular,nba_regular_fullgame_moneyline_ot,False,9:00 pm ET,2027-02-02 02:00:00+00:00,2027-02-02 01:00:00+00:00
0022600722,1610612744,1610612759,Warriors,Spurs,2027-01-31 03:00:00+00:00,regular,nba_regular_fullgame_moneyline_ot,False,10:00 pm ET,2027-02-02 03:00:00+00:00,2027-02-02 02:00:00+00:00
0022600723,1610612765,1610612741,Pistons,Bulls,2027-02-01 00:00:00+00:00,regular,nba_regular_fullgame_moneyline_ot,False,7:00 pm ET,2027-02-03 00:00:00+00:00,2027-02-02 23:00:00+00:00
0022600724,1610612753,1610612740,Magic,Pelicans,2027-02-01 00:00:00+00:00,regular,nba_regular_fullgame_moneyline_ot,False,7:00 pm ET,2027-02-03 00:00:00+00:00,2027-02-02 23:00:00+00:00
0022600725,1610612748,1610612766,Heat,Hornets,2027-02-01 00:30:00+00:00,regular,nba_regular_fullgame_moneyline_ot,False,7:30 pm ET,2027-02-03 00:30:00+00:00,2027-02-02 23:30:00+00:00
0022600726,1610612738,1610612747,Celtics,Lakers,2027-02-01 01:00:00+00:00,regular,nba_regular_fullgame_moneyline_ot,False,8:00 pm ET,2027-02-03 01:00:00+00:00,2027-02-03 00:00:00+00:00
0022600727,1610612742,1610612761,Mavericks,Raptors,2027-02-01 01:00:00+00:00,regular,nba_regular_fullgame_moneyline_ot,False,8:00 pm ET,2027-02-03 01:00:00+00:00,2027-02-03 00:00:00+00:00
0022600728,1610612743,1610612760,Nuggets,Thunder,2027-02-01 02:00:00+00:00,regular,nba_regular_fullgame_moneyline_ot,False,9:00 pm ET,2027-02-03 02:00:00+00:00,2027-02-03 01:00:00+00:00
0022600729,1610612746,1610612759,Clippers,Spurs,2027-02-01 03:30:00+00:00,regular,nba_regular_fullgame_moneyline_ot,False,10:30 pm ET,2027-02-03 03:30:00+00:00,2027-02-03 02:30:00+00:00
0022600730,1610612757,1610612750,Trail Blazers,Timberwolves,2027-02-01 04:00:00+00:00,regular,nba_regular_fullgame_moneyline_ot,False,11:00 pm ET,2027-02-03 04:00:00+00:00,2027-02-03 03:00:00+00:00
0022600731,1610612765,1610612752,Pistons,Knicks,2027-02-02 00:00:00+00:00,regular,nba_regular_fullgame_moneyline_ot,False,7:00 pm ET,2027-02-04 00:00:00+00:00,2027-02-03 23:00:00+00:00
0022600732,1610612754,1610612737,Pacers,Hawks,2027-02-02 00:00:00+00:00,regular,nba_regular_fullgame_moneyline_ot,False,7:00 pm ET,2027-02-04 00:00:00+00:00,2027-02-03 23:00:00+00:00
0022600733,1610612763,1610612755,Grizzlies,76ers,2027-02-02 01:00:00+00:00,regular,nba_regular_fullgame_moneyline_ot,False,8:00 pm ET,2027-02-04 01:00:00+00:00,2027-02-04 00:00:00+00:00
0022600734,1610612756,1610612739,Suns,Cavaliers,2027-02-02 02:00:00+00:00,regular,nba_regular_fullgame_moneyline_ot,False,9:00 pm ET,2027-02-04 02:00:00+00:00,2027-02-04 01:00:00+00:00
0022600735,1610612745,1610612762,Rockets,Jazz,2027-02-02 02:30:00+00:00,regular,nba_regular_fullgame_moneyline_ot,False,9:30 pm ET,2027-02-04 02:30:00+00:00,2027-02-04 01:30:00+00:00
0022600736,1610612746,1610612744,Clippers,Warriors,2027-02-02 03:30:00+00:00,regular,nba_regular_fullgame_moneyline_ot,False,10:30 pm ET,2027-02-04 03:30:00+00:00,2027-02-04 02:30:00+00:00
0022600737,1610612764,1610612740,Wizards,Pelicans,2027-02-03 00:00:00+00:00,regular,nba_regular_fullgame_moneyline_ot,False,7:00 pm ET,2027-02-05 00:00:00+00:00,2027-02-04 23:00:00+00:00
0022600738,1610612751,1610612747,Nets,Lakers,2027-02-03 00:30:00+00:00,regular,nba_regular_fullgame_moneyline_ot,False,7:30 pm ET,2027-02-05 00:30:00+00:00,2027-02-04 23:30:00+00:00
0022600739,1610612766,1610612738,Hornets,Celtics,2027-02-03 00:30:00+00:00,regular,nba_regular_fullgame_moneyline_ot,False,7:30 pm ET,2027-02-05 00:30:00+00:00,2027-02-04 23:30:00+00:00
0022600740,1610612748,1610612749,Heat,Bucks,2027-02-03 00:30:00+00:00,regular,nba_regular_fullgame_moneyline_ot,False,7:30 pm ET,2027-02-05 00:30:00+00:00,2027-02-04 23:30:00+00:00
0022600741,1610612752,1610612761,Knicks,Raptors,2027-02-03 00:30:00+00:00,regular,nba_regular_fullgame_moneyline_ot,False,7:30 pm ET,2027-02-05 00:30:00+00:00,2027-02-04 23:30:00+00:00
0022600742,1610612741,1610612760,Bulls,Thunder,2027-02-03 01:00:00+00:00,regular,nba_regular_fullgame_moneyline_ot,False,8:00 pm ET,2027-02-05 01:00:00+00:00,2027-02-05 00:00:00+00:00
0022600743,1610612759,1610612753,Spurs,Magic,2027-02-03 01:00:00+00:00,regular,nba_regular_fullgame_moneyline_ot,False,8:00 pm ET,2027-02-05 01:00:00+00:00,2027-02-05 00:00:00+00:00
0022600744,1610612743,1610612742,Nuggets,Mavericks,2027-02-03 03:00:00+00:00,regular,nba_regular_fullgame_moneyline_ot,False,10:00 pm ET,2027-02-05 03:00:00+00:00,2027-02-05 02:00:00+00:00
0022600745,1610612757,1610612739,Trail Blazers,Cavaliers,2027-02-03 03:00:00+00:00,regular,nba_regular_fullgame_moneyline_ot,False,10:00 pm ET,2027-02-05 03:00:00+00:00,2027-02-05 02:00:00+00:00
0022600746,1610612758,1610612750,Kings,Timberwolves,2027-02-03 03:00:00+00:00,regular,nba_regular_fullgame_moneyline_ot,False,10:00 pm ET,2027-02-05 03:00:00+00:00,2027-02-05 02:00:00+00:00
0022600747,1610612737,1610612738,Hawks,Celtics,2027-02-04 00:00:00+00:00,regular,nba_regular_fullgame_moneyline_ot,False,7:00 pm ET,2027-02-06 00:00:00+00:00,2027-02-05 23:00:00+00:00
0022600748,1610612766,1610612744,Hornets,Warriors,2027-02-04 00:00:00+00:00,regular,nba_regular_fullgame_moneyline_ot,False,7:00 pm ET,2027-02-06 00:00:00+00:00,2027-02-05 23:00:00+00:00
0022600749,1610612755,1610612765,76ers,Pistons,2027-02-04 00:00:00+00:00,regular,nba_regular_fullgame_moneyline_ot,False,7:00 pm ET,2027-02-06 00:00:00+00:00,2027-02-05 23:00:00+00:00
0022600750,1610612743,1610612746,Nuggets,Clippers,2027-02-04 02:00:00+00:00,regular,nba_regular_fullgame_moneyline_ot,False,9:00 pm ET,2027-02-06 02:00:00+00:00,2027-02-06 01:00:00+00:00
0022600751,1610612756,1610612745,Suns,Rockets,2027-02-04 02:00:00+00:00,regular,nba_regular_fullgame_moneyline_ot,False,9:00 pm ET,2027-02-06 02:00:00+00:00,2027-02-06 01:00:00+00:00
0022600752,1610612760,1610612754,Thunder,Pacers,2027-02-04 02:30:00+00:00,regular,nba_regular_fullgame_moneyline_ot,False,9:30 pm ET,2027-02-06 02:30:00+00:00,2027-02-06 01:30:00+00:00
0022600753,1610612742,1610612762,Mavericks,Jazz,2027-02-04 20:00:00+00:00,regular,nba_regular_fullgame_moneyline_ot,False,3:00 pm ET,2027-02-06 20:00:00+00:00,2027-02-06 19:00:00+00:00
0022600754,1610612750,1610612748,Timberwolves,Heat,2027-02-04 20:00:00+00:00,regular,nba_regular_fullgame_moneyline_ot,False,3:00 pm ET,2027-02-06 20:00:00+00:00,2027-02-06 19:00:00+00:00
0022600755,1610612763,1610612757,Grizzlies,Trail Blazers,2027-02-04 22:30:00+00:00,regular,nba_regular_fullgame_moneyline_ot,False,5:30 pm ET,2027-02-06 22:30:00+00:00,2027-02-06 21:30:00+00:00
0022600756,1610612751,1610612764,Nets,Wizards,2027-02-04 23:00:00+00:00,regular,nba_regular_fullgame_moneyline_ot,False,6:00 pm ET,2027-02-06 23:00:00+00:00,2027-02-06 22:00:00+00:00
0022600757,1610612739,1610612753,Cavaliers,Magic,2027-02-05 00:30:00+00:00,regular,nba_regular_fullgame_moneyline_ot,False,7:30 pm ET,2027-02-07 00:30:00+00:00,2027-02-06 23:30:00+00:00
0022600758,1610612761,1610612749,Raptors,Bucks,2027-02-05 00:30:00+00:00,regular,nba_regular_fullgame_moneyline_ot,False,7:30 pm ET,2027-02-07 00:30:00+00:00,2027-02-06 23:30:00+00:00
0022600759,1610612741,1610612740,Bulls,Pelicans,2027-02-05 01:00:00+00:00,regular,nba_regular_fullgame_moneyline_ot,False,8:00 pm ET,2027-02-07 01:00:00+00:00,2027-02-07 00:00:00+00:00
0022600760,1610612759,1610612747,Spurs,Lakers,2027-02-05 01:30:00+00:00,regular,nba_regular_fullgame_moneyline_ot,False,8:30 pm ET,2027-02-07 01:30:00+00:00,2027-02-07 00:30:00+00:00
0022600761,1610612758,1610612756,Kings,Suns,2027-02-05 03:00:00+00:00,regular,nba_regular_fullgame_moneyline_ot,False,10:00 pm ET,2027-02-07 03:00:00+00:00,2027-02-07 02:00:00+00:00
0022600762,1610612737,1610612743,Hawks,Nuggets,2027-02-05 20:00:00+00:00,regular,nba_regular_fullgame_moneyline_ot,False,3:00 pm ET,2027-02-07 20:00:00+00:00,2027-02-07 19:00:00+00:00
0022600763,1610612765,1610612744,Pistons,Warriors,2027-02-05 20:00:00+00:00,regular,nba_regular_fullgame_moneyline_ot,False,3:00 pm ET,2027-02-07 20:00:00+00:00,2027-02-07 19:00:00+00:00
0022600764,1610612750,1610612762,Timberwolves,Jazz,2027-02-05 20:30:00+00:00,regular,nba_regular_fullgame_moneyline_ot,False,3:30 pm ET,2027-02-07 20:30:00+00:00,2027-02-07 19:30:00+00:00
0022600765,1610612742,1610612746,Mavericks,Clippers,2027-02-05 21:30:00+00:00,regular,nba_regular_fullgame_moneyline_ot,False,4:30 pm ET,2027-02-07 21:30:00+00:00,2027-02-07 20:30:00+00:00
0022600766,1610612761,1610612766,Raptors,Hornets,2027-02-05 23:00:00+00:00,regular,nba_regular_fullgame_moneyline_ot,False,6:00 pm ET,2027-02-07 23:00:00+00:00,2027-02-07 22:00:00+00:00
0022600767,1610612755,1610612738,76ers,Celtics,2027-02-06 00:00:00+00:00,regular,nba_regular_fullgame_moneyline_ot,False,7:00 pm ET,2027-02-08 00:00:00+00:00,2027-02-07 23:00:00+00:00
0022600768,1610612760,1610612752,Thunder,Knicks,2027-02-06 02:30:00+00:00,regular,nba_regular_fullgame_moneyline_ot,False,9:30 pm ET,2027-02-08 02:30:00+00:00,2027-02-08 01:30:00+00:00
0022600769,1610612758,1610612745,Kings,Rockets,2027-02-06 03:30:00+00:00,regular,nba_regular_fullgame_moneyline_ot,False,10:30 pm ET,2027-02-08 03:30:00+00:00,2027-02-08 02:30:00+00:00
0022600770,1610612737,1610612748,Hawks,Heat,2027-02-07 00:00:00+00:00,regular,nba_regular_fullgame_moneyline_ot,False,7:00 pm ET,2027-02-09 00:00:00+00:00,2027-02-08 23:00:00+00:00
0022600771,1610612754,1610612740,Pacers,Pelicans,2027-02-07 00:00:00+00:00,regular,nba_regular_fullgame_moneyline_ot,False,7:00 pm ET,2027-02-09 00:00:00+00:00,2027-02-08 23:00:00+00:00
0022600772,1610612755,1610612751,76ers,Nets,2027-02-07 00:00:00+00:00,regular,nba_regular_fullgame_moneyline_ot,False,7:00 pm ET,2027-02-09 00:00:00+00:00,2027-02-08 23:00:00+00:00
0022600773,1610612764,1610612741,Wizards,Bulls,2027-02-07 00:00:00+00:00,regular,nba_regular_fullgame_moneyline_ot,False,7:00 pm ET,2027-02-09 00:00:00+00:00,2027-02-08 23:00:00+00:00
0022600774,1610612763,1610612757,Grizzlies,Trail Blazers,2027-02-07 01:00:00+00:00,regular,nba_regular_fullgame_moneyline_ot,False,8:00 pm ET,2027-02-09 01:00:00+00:00,2027-02-09 00:00:00+00:00
0022600775,1610612749,1610612753,Bucks,Magic,2027-02-07 01:00:00+00:00,regular,nba_regular_fullgame_moneyline_ot,False,8:00 pm ET,2027-02-09 01:00:00+00:00,2027-02-09 00:00:00+00:00
0022600776,1610612756,1610612747,Suns,Lakers,2027-02-07 02:30:00+00:00,regular,nba_regular_fullgame_moneyline_ot,False,9:30 pm ET,2027-02-09 02:30:00+00:00,2027-02-09 01:30:00+00:00
0022600777,1610612739,1610612761,Cavaliers,Raptors,2027-02-08 00:00:00+00:00,regular,nba_regular_fullgame_moneyline_ot,False,7:00 pm ET,2027-02-10 00:00:00+00:00,2027-02-09 23:00:00+00:00
0022600778,1610612738,1610612743,Celtics,Nuggets,2027-02-08 00:30:00+00:00,regular,nba_regular_fullgame_moneyline_ot,False,7:30 pm ET,2027-02-10 00:30:00+00:00,2027-02-09 23:30:00+00:00
0022600779,1610612751,1610612750,Nets,Timberwolves,2027-02-08 00:30:00+00:00,regular,nba_regular_fullgame_moneyline_ot,False,7:30 pm ET,2027-02-10 00:30:00+00:00,2027-02-09 23:30:00+00:00
0022600780,1610612752,1610612766,Knicks,Hornets,2027-02-08 00:30:00+00:00,regular,nba_regular_fullgame_moneyline_ot,False,7:30 pm ET,2027-02-10 00:30:00+00:00,2027-02-09 23:30:00+00:00
0022600781,1610612741,1610612744,Bulls,Warriors,2027-02-08 01:00:00+00:00,regular,nba_regular_fullgame_moneyline_ot,False,8:00 pm ET,2027-02-10 01:00:00+00:00,2027-02-10 00:00:00+00:00
0022600782,1610612742,1610612759,Mavericks,Spurs,2027-02-08 01:00:00+00:00,regular,nba_regular_fullgame_moneyline_ot,False,8:00 pm ET,2027-02-10 01:00:00+00:00,2027-02-10 00:00:00+00:00
0022600783,1610612749,1610612758,Bucks,Kings,2027-02-08 01:00:00+00:00,regular,nba_regular_fullgame_moneyline_ot,False,8:00 pm ET,2027-02-10 01:00:00+00:00,2027-02-10 00:00:00+00:00
0022600784,1610612760,1610612757,Thunder,Trail Blazers,2027-02-08 01:00:00+00:00,regular,nba_regular_fullgame_moneyline_ot,False,8:00 pm ET,2027-02-10 01:00:00+00:00,2027-02-10 00:00:00+00:00
0022600785,1610612762,1610612745,Jazz,Rockets,2027-02-08 03:00:00+00:00,regular,nba_regular_fullgame_moneyline_ot,False,10:00 pm ET,2027-02-10 03:00:00+00:00,2027-02-10 02:00:00+00:00
0022600786,1610612746,1610612765,Clippers,Pistons,2027-02-08 03:30:00+00:00,regular,nba_regular_fullgame_moneyline_ot,False,10:30 pm ET,2027-02-10 03:30:00+00:00,2027-02-10 02:30:00+00:00
0022600787,1610612737,1610612740,Hawks,Pelicans,2027-02-09 00:00:00+00:00,regular,nba_regular_fullgame_moneyline_ot,False,7:00 pm ET,2027-02-11 00:00:00+00:00,2027-02-10 23:00:00+00:00
0022600788,1610612754,1610612739,Pacers,Cavaliers,2027-02-09 00:00:00+00:00,regular,nba_regular_fullgame_moneyline_ot,False,7:00 pm ET,2027-02-11 00:00:00+00:00,2027-02-10 23:00:00+00:00
0022600789,1610612764,1610612748,Wizards,Heat,2027-02-09 00:00:00+00:00,regular,nba_regular_fullgame_moneyline_ot,False,7:00 pm ET,2027-02-11 00:00:00+00:00,2027-02-10 23:00:00+00:00
0022600790,1610612738,1610612744,Celtics,Warriors,2027-02-09 00:30:00+00:00,regular,nba_regular_fullgame_moneyline_ot,False,7:30 pm ET,2027-02-11 00:30:00+00:00,2027-02-10 23:30:00+00:00
0022600791,1610612763,1610612753,Grizzlies,Magic,2027-02-09 01:00:00+00:00,regular,nba_regular_fullgame_moneyline_ot,False,8:00 pm ET,2027-02-11 01:00:00+00:00,2027-02-11 00:00:00+00:00
0022600792,1610612756,1610612765,Suns,Pistons,2027-02-09 02:00:00+00:00,regular,nba_regular_fullgame_moneyline_ot,False,9:00 pm ET,2027-02-11 02:00:00+00:00,2027-02-11 01:00:00+00:00
0022600793,1610612747,1610612746,Lakers,Clippers,2027-02-09 03:00:00+00:00,regular,nba_regular_fullgame_moneyline_ot,False,10:00 pm ET,2027-02-11 03:00:00+00:00,2027-02-11 02:00:00+00:00
0022600794,1610612766,1610612749,Hornets,Bucks,2027-02-10 00:00:00+00:00,regular,nba_regular_fullgame_moneyline_ot,False,7:00 pm ET,2027-02-12 00:00:00+00:00,2027-02-11 23:00:00+00:00
0022600795,1610612754,1610612762,Pacers,Jazz,2027-02-10 00:00:00+00:00,regular,nba_regular_fullgame_moneyline_ot,False,7:00 pm ET,2027-02-12 00:00:00+00:00,2027-02-11 23:00:00+00:00
0022600796,1610612755,1610612752,76ers,Knicks,2027-02-10 00:00:00+00:00,regular,nba_regular_fullgame_moneyline_ot,False,7:00 pm ET,2027-02-12 00:00:00+00:00,2027-02-11 23:00:00+00:00
0022600797,1610612742,1610612757,Mavericks,Trail Blazers,2027-02-10 01:00:00+00:00,regular,nba_regular_fullgame_moneyline_ot,False,8:00 pm ET,2027-02-12 01:00:00+00:00,2027-02-12 00:00:00+00:00
0022600798,1610612745,1610612758,Rockets,Kings,2027-02-10 01:30:00+00:00,regular,nba_regular_fullgame_moneyline_ot,False,8:30 pm ET,2027-02-12 01:30:00+00:00,2027-02-12 00:30:00+00:00
0022600799,1610612743,1610612741,Nuggets,Bulls,2027-02-10 02:00:00+00:00,regular,nba_regular_fullgame_moneyline_ot,False,9:00 pm ET,2027-02-12 02:00:00+00:00,2027-02-12 01:00:00+00:00
0022600800,1610612760,1610612759,Thunder,Spurs,2027-02-10 02:30:00+00:00,regular,nba_regular_fullgame_moneyline_ot,False,9:30 pm ET,2027-02-12 02:30:00+00:00,2027-02-12 01:30:00+00:00
0022600801,1610612737,1610612756,Hawks,Suns,2027-02-11 00:00:00+00:00,regular,nba_regular_fullgame_moneyline_ot,False,7:00 pm ET,2027-02-13 00:00:00+00:00,2027-02-12 23:00:00+00:00
0022600802,1610612753,1610612748,Magic,Heat,2027-02-11 00:00:00+00:00,regular,nba_regular_fullgame_moneyline_ot,False,7:00 pm ET,2027-02-13 00:00:00+00:00,2027-02-12 23:00:00+00:00
0022600803,1610612764,1610612751,Wizards,Nets,2027-02-11 00:00:00+00:00,regular,nba_regular_fullgame_moneyline_ot,False,7:00 pm ET,2027-02-13 00:00:00+00:00,2027-02-12 23:00:00+00:00
0022600804,1610612761,1610612739,Raptors,Cavaliers,2027-02-11 00:30:00+00:00,regular,nba_regular_fullgame_moneyline_ot,False,7:30 pm ET,2027-02-13 00:30:00+00:00,2027-02-12 23:30:00+00:00
0022600805,1610612738,1610612750,Celtics,Timberwolves,2027-02-11 01:00:00+00:00,regular,nba_regular_fullgame_moneyline_ot,False,8:00 pm ET,2027-02-13 01:00:00+00:00,2027-02-13 00:00:00+00:00
0022600806,1610612763,1610612746,Grizzlies,Clippers,2027-02-11 01:00:00+00:00,regular,nba_regular_fullgame_moneyline_ot,False,8:00 pm ET,2027-02-13 01:00:00+00:00,2027-02-13 00:00:00+00:00
0022600807,1610612740,1610612745,Pelicans,Rockets,2027-02-11 01:00:00+00:00,regular,nba_regular_fullgame_moneyline_ot,False,8:00 pm ET,2027-02-13 01:00:00+00:00,2027-02-13 00:00:00+00:00
0022600808,1610612747,1610612743,Lakers,Nuggets,2027-02-11 03:30:00+00:00,regular,nba_regular_fullgame_moneyline_ot,False,10:30 pm ET,2027-02-13 03:30:00+00:00,2027-02-13 02:30:00+00:00
0022600809,1610612754,1610612758,Pacers,Kings,2027-02-11 19:00:00+00:00,regular,nba_regular_fullgame_moneyline_ot,False,2:00 pm ET,2027-02-13 19:00:00+00:00,2027-02-13 18:00:00+00:00
0022600810,1610612766,1610612742,Hornets,Mavericks,2027-02-11 20:00:00+00:00,regular,nba_regular_fullgame_moneyline_ot,False,3:00 pm ET,2027-02-13 20:00:00+00:00,2027-02-13 19:00:00+00:00
0022600811,1610612757,1610612765,Trail Blazers,Pistons,2027-02-11 20:30:00+00:00,regular,nba_regular_fullgame_moneyline_ot,False,3:30 pm ET,2027-02-13 20:30:00+00:00,2027-02-13 19:30:00+00:00
0022600812,1610612760,1610612755,Thunder,76ers,2027-02-11 22:30:00+00:00,regular,nba_regular_fullgame_moneyline_ot,False,5:30 pm ET,2027-02-13 22:30:00+00:00,2027-02-13 21:30:00+00:00
0022600813,1610612753,1610612759,Magic,Spurs,2027-02-12 00:00:00+00:00,regular,nba_regular_fullgame_moneyline_ot,False,7:00 pm ET,2027-02-14 00:00:00+00:00,2027-02-13 23:00:00+00:00
0022600814,1610612764,1610612749,Wizards,Bucks,2027-02-12 00:00:00+00:00,regular,nba_regular_fullgame_moneyline_ot,False,7:00 pm ET,2027-02-14 00:00:00+00:00,2027-02-13 23:00:00+00:00
0022600815,1610612752,1610612744,Knicks,Warriors,2027-02-12 01:30:00+00:00,regular,nba_regular_fullgame_moneyline_ot,False,8:30 pm ET,2027-02-14 01:30:00+00:00,2027-02-14 00:30:00+00:00
0022600816,1610612737,1610612758,Hawks,Kings,2027-02-12 18:00:00+00:00,regular,nba_regular_fullgame_moneyline_ot,False,1:00 pm ET,2027-02-14 18:00:00+00:00,2027-02-14 17:00:00+00:00
0022600817,1610612738,1610612761,Celtics,Raptors,2027-02-12 18:00:00+00:00,regular,nba_regular_fullgame_moneyline_ot,False,1:00 pm ET,2027-02-14 18:00:00+00:00,2027-02-14 17:00:00+00:00
0022600818,1610612739,1610612756,Cavaliers,Suns,2027-02-12 18:00:00+00:00,regular,nba_regular_fullgame_moneyline_ot,False,1:00 pm ET,2027-02-14 18:00:00+00:00,2027-02-14 17:00:00+00:00
0022600819,1610612748,1610612751,Heat,Nets,2027-02-12 18:00:00+00:00,regular,nba_regular_fullgame_moneyline_ot,False,1:00 pm ET,2027-02-14 18:00:00+00:00,2027-02-14 17:00:00+00:00
0022600820,1610612745,1610612743,Rockets,Nuggets,2027-02-12 19:00:00+00:00,regular,nba_regular_fullgame_moneyline_ot,False,2:00 pm ET,2027-02-14 19:00:00+00:00,2027-02-14 18:00:00+00:00
0022600821,1610612740,1610612746,Pelicans,Clippers,2027-02-12 19:00:00+00:00,regular,nba_regular_fullgame_moneyline_ot,False,2:00 pm ET,2027-02-14 19:00:00+00:00,2027-02-14 18:00:00+00:00
0022600822,1610612757,1610612741,Trail Blazers,Bulls,2027-02-12 20:30:00+00:00,regular,nba_regular_fullgame_moneyline_ot,False,3:30 pm ET,2027-02-14 20:30:00+00:00,2027-02-14 19:30:00+00:00
0022600081,1610612766,1610612750,Hornets,Timberwolves,2027-02-13 17:00:00+00:00,regular,nba_regular_fullgame_moneyline_ot,False,12:00 pm ET,2027-02-15 17:00:00+00:00,2027-02-15 16:00:00+00:00
0022600082,1610612742,1610612755,Mavericks,76ers,2027-02-13 19:30:00+00:00,regular,nba_regular_fullgame_moneyline_ot,False,2:30 pm ET,2027-02-15 19:30:00+00:00,2027-02-15 18:30:00+00:00
0022600083,1610612748,1610612759,Heat,Spurs,2027-02-13 22:00:00+00:00,regular,nba_regular_fullgame_moneyline_ot,False,5:00 pm ET,2027-02-15 22:00:00+00:00,2027-02-15 21:00:00+00:00
0022600823,1610612764,1610612756,Wizards,Suns,2027-02-14 00:00:00+00:00,regular,nba_regular_fullgame_moneyline_ot,False,7:00 pm ET,2027-02-16 00:00:00+00:00,2027-02-15 23:00:00+00:00
0022600084,1610612744,1610612754,Warriors,Pacers,2027-02-14 00:30:00+00:00,regular,nba_regular_fullgame_moneyline_ot,False,7:30 pm ET,2027-02-16 00:30:00+00:00,2027-02-15 23:30:00+00:00
0022600824,1610612763,1610612752,Grizzlies,Knicks,2027-02-14 01:00:00+00:00,regular,nba_regular_fullgame_moneyline_ot,False,8:00 pm ET,2027-02-16 01:00:00+00:00,2027-02-16 00:00:00+00:00
0022600825,1610612760,1610612753,Thunder,Magic,2027-02-14 01:00:00+00:00,regular,nba_regular_fullgame_moneyline_ot,False,8:00 pm ET,2027-02-16 01:00:00+00:00,2027-02-16 00:00:00+00:00
0022600826,1610612762,1610612765,Jazz,Pistons,2027-02-14 02:00:00+00:00,regular,nba_regular_fullgame_moneyline_ot,False,9:00 pm ET,2027-02-16 02:00:00+00:00,2027-02-16 01:00:00+00:00
0022600827,1610612739,1610612749,Cavaliers,Bucks,2027-02-15 00:00:00+00:00,regular,nba_regular_fullgame_moneyline_ot,False,7:00 pm ET,2027-02-17 00:00:00+00:00,2027-02-16 23:00:00+00:00
0022600828,1610612737,1610612761,Hawks,Raptors,2027-02-15 01:00:00+00:00,regular,nba_regular_fullgame_moneyline_ot,False,8:00 pm ET,2027-02-17 01:00:00+00:00,2027-02-17 00:00:00+00:00
0022600829,1610612747,1610612741,Lakers,Bulls,2027-02-15 03:00:00+00:00,regular,nba_regular_fullgame_moneyline_ot,False,10:00 pm ET,2027-02-17 03:00:00+00:00,2027-02-17 02:00:00+00:00
0022600830,1610612757,1610612740,Trail Blazers,Pelicans,2027-02-15 03:00:00+00:00,regular,nba_regular_fullgame_moneyline_ot,False,10:00 pm ET,2027-02-17 03:00:00+00:00,2027-02-17 02:00:00+00:00
0022600831,1610612746,1610612745,Clippers,Rockets,2027-02-15 04:00:00+00:00,regular,nba_regular_fullgame_moneyline_ot,False,11:00 pm ET,2027-02-17 04:00:00+00:00,2027-02-17 03:00:00+00:00
0022600832,1610612766,1610612761,Hornets,Raptors,2027-02-16 00:00:00+00:00,regular,nba_regular_fullgame_moneyline_ot,False,7:00 pm ET,2027-02-18 00:00:00+00:00,2027-02-17 23:00:00+00:00
0022600833,1610612739,1610612749,Cavaliers,Bucks,2027-02-16 00:00:00+00:00,regular,nba_regular_fullgame_moneyline_ot,False,7:00 pm ET,2027-02-18 00:00:00+00:00,2027-02-17 23:00:00+00:00
0022600834,1610612765,1610612752,Pistons,Knicks,2027-02-16 00:00:00+00:00,regular,nba_regular_fullgame_moneyline_ot,False,7:00 pm ET,2027-02-18 00:00:00+00:00,2027-02-17 23:00:00+00:00
0022600835,1610612753,1610612742,Magic,Mavericks,2027-02-16 00:00:00+00:00,regular,nba_regular_fullgame_moneyline_ot,False,7:00 pm ET,2027-02-18 00:00:00+00:00,2027-02-17 23:00:00+00:00
0022600836,1610612755,1610612756,76ers,Suns,2027-02-16 00:00:00+00:00,regular,nba_regular_fullgame_moneyline_ot,False,7:00 pm ET,2027-02-18 00:00:00+00:00,2027-02-17 23:00:00+00:00
0022600837,1610612764,1610612748,Wizards,Heat,2027-02-16 00:00:00+00:00,regular,nba_regular_fullgame_moneyline_ot,False,7:00 pm ET,2027-02-18 00:00:00+00:00,2027-02-17 23:00:00+00:00
0022600838,1610612751,1610612737,Nets,Hawks,2027-02-16 00:30:00+00:00,regular,nba_regular_fullgame_moneyline_ot,False,7:30 pm ET,2027-02-18 00:30:00+00:00,2027-02-17 23:30:00+00:00
0022600839,1610612763,1610612759,Grizzlies,Spurs,2027-02-16 01:00:00+00:00,regular,nba_regular_fullgame_moneyline_ot,False,8:00 pm ET,2027-02-18 01:00:00+00:00,2027-02-18 00:00:00+00:00
0022600840,1610612743,1610612762,Nuggets,Jazz,2027-02-16 02:00:00+00:00,regular,nba_regular_fullgame_moneyline_ot,False,9:00 pm ET,2027-02-18 02:00:00+00:00,2027-02-18 01:00:00+00:00
0022600841,1610612760,1610612738,Thunder,Celtics,2027-02-16 02:30:00+00:00,regular,nba_regular_fullgame_moneyline_ot,False,9:30 pm ET,2027-02-18 02:30:00+00:00,2027-02-18 01:30:00+00:00
0022600842,1610612744,1610612740,Warriors,Pelicans,2027-02-16 03:00:00+00:00,regular,nba_regular_fullgame_moneyline_ot,False,10:00 pm ET,2027-02-18 03:00:00+00:00,2027-02-18 02:00:00+00:00
0022600843,1610612758,1610612754,Kings,Pacers,2027-02-16 03:00:00+00:00,regular,nba_regular_fullgame_moneyline_ot,False,10:00 pm ET,2027-02-18 03:00:00+00:00,2027-02-18 02:00:00+00:00
0022600844,1610612746,1610612741,Clippers,Bulls,2027-02-16 03:30:00+00:00,regular,nba_regular_fullgame_moneyline_ot,False,10:30 pm ET,2027-02-18 03:30:00+00:00,2027-02-18 02:30:00+00:00
0022600845,1610612750,1610612759,Timberwolves,Spurs,2027-02-17 00:30:00+00:00,regular,nba_regular_fullgame_moneyline_ot,False,7:30 pm ET,2027-02-19 00:30:00+00:00,2027-02-18 23:30:00+00:00
0022600846,1610612763,1610612738,Grizzlies,Celtics,2027-02-17 01:00:00+00:00,regular,nba_regular_fullgame_moneyline_ot,False,8:00 pm ET,2027-02-19 01:00:00+00:00,2027-02-19 00:00:00+00:00
0022600847,1610612747,1610612745,Lakers,Rockets,2027-02-17 03:00:00+00:00,regular,nba_regular_fullgame_moneyline_ot,False,10:00 pm ET,2027-02-19 03:00:00+00:00,2027-02-19 02:00:00+00:00
0022600848,1610612757,1610612754,Trail Blazers,Pacers,2027-02-17 03:00:00+00:00,regular,nba_regular_fullgame_moneyline_ot,False,10:00 pm ET,2027-02-19 03:00:00+00:00,2027-02-19 02:00:00+00:00
0022600849,1610612739,1610612758,Cavaliers,Kings,2027-02-24 00:00:00+00:00,regular,nba_regular_fullgame_moneyline_ot,False,7:00 pm ET,2027-02-26 00:00:00+00:00,2027-02-25 23:00:00+00:00
0022600850,1610612765,1610612748,Pistons,Heat,2027-02-24 00:00:00+00:00,regular,nba_regular_fullgame_moneyline_ot,False,7:00 pm ET,2027-02-26 00:00:00+00:00,2027-02-25 23:00:00+00:00
0022600851,1610612753,1610612766,Magic,Hornets,2027-02-24 00:00:00+00:00,regular,nba_regular_fullgame_moneyline_ot,False,7:00 pm ET,2027-02-26 00:00:00+00:00,2027-02-25 23:00:00+00:00
0022600852,1610612751,1610612755,Nets,76ers,2027-02-24 00:30:00+00:00,regular,nba_regular_fullgame_moneyline_ot,False,7:30 pm ET,2027-02-26 00:30:00+00:00,2027-02-25 23:30:00+00:00
0022600853,1610612752,1610612760,Knicks,Thunder,2027-02-24 00:30:00+00:00,regular,nba_regular_fullgame_moneyline_ot,False,7:30 pm ET,2027-02-26 00:30:00+00:00,2027-02-25 23:30:00+00:00
0022600854,1610612741,1610612737,Bulls,Hawks,2027-02-24 01:00:00+00:00,regular,nba_regular_fullgame_moneyline_ot,False,8:00 pm ET,2027-02-26 01:00:00+00:00,2027-02-26 00:00:00+00:00
0022600855,1610612749,1610612764,Bucks,Wizards,2027-02-24 01:00:00+00:00,regular,nba_regular_fullgame_moneyline_ot,False,8:00 pm ET,2027-02-26 01:00:00+00:00,2027-02-26 00:00:00+00:00
0022600856,1610612740,1610612756,Pelicans,Suns,2027-02-24 01:00:00+00:00,regular,nba_regular_fullgame_moneyline_ot,False,8:00 pm ET,2027-02-26 01:00:00+00:00,2027-02-26 00:00:00+00:00
0022600857,1610612744,1610612742,Warriors,Mavericks,2027-02-24 03:00:00+00:00,regular,nba_regular_fullgame_moneyline_ot,False,10:00 pm ET,2027-02-26 03:00:00+00:00,2027-02-26 02:00:00+00:00
0022600858,1610612746,1610612762,Clippers,Jazz,2027-02-24 03:30:00+00:00,regular,nba_regular_fullgame_moneyline_ot,False,10:30 pm ET,2027-02-26 03:30:00+00:00,2027-02-26 02:30:00+00:00
0022600859,1610612738,1610612739,Celtics,Cavaliers,2027-02-25 00:30:00+00:00,regular,nba_regular_fullgame_moneyline_ot,False,7:30 pm ET,2027-02-27 00:30:00+00:00,2027-02-26 23:30:00+00:00
0022600860,1610612761,1610612737,Raptors,Hawks,2027-02-25 00:30:00+00:00,regular,nba_regular_fullgame_moneyline_ot,False,7:30 pm ET,2027-02-27 00:30:00+00:00,2027-02-26 23:30:00+00:00
0022600861,1610612750,1610612754,Timberwolves,Pacers,2027-02-25 01:00:00+00:00,regular,nba_regular_fullgame_moneyline_ot,False,8:00 pm ET,2027-02-27 01:00:00+00:00,2027-02-27 00:00:00+00:00
0022600862,1610612759,1610612763,Spurs,Grizzlies,2027-02-25 01:00:00+00:00,regular,nba_regular_fullgame_moneyline_ot,False,8:00 pm ET,2027-02-27 01:00:00+00:00,2027-02-27 00:00:00+00:00
0022600863,1610612745,1610612766,Rockets,Hornets,2027-02-25 01:30:00+00:00,regular,nba_regular_fullgame_moneyline_ot,False,8:30 pm ET,2027-02-27 01:30:00+00:00,2027-02-27 00:30:00+00:00
0022600864,1610612743,1610612747,Nuggets,Lakers,2027-02-25 03:00:00+00:00,regular,nba_regular_fullgame_moneyline_ot,False,10:00 pm ET,2027-02-27 03:00:00+00:00,2027-02-27 02:00:00+00:00
0022600865,1610612757,1610612742,Trail Blazers,Mavericks,2027-02-25 03:00:00+00:00,regular,nba_regular_fullgame_moneyline_ot,False,10:00 pm ET,2027-02-27 03:00:00+00:00,2027-02-27 02:00:00+00:00
0022600866,1610612762,1610612764,Jazz,Wizards,2027-02-25 20:00:00+00:00,regular,nba_regular_fullgame_moneyline_ot,False,3:00 pm ET,2027-02-27 20:00:00+00:00,2027-02-27 19:00:00+00:00
0022600867,1610612765,1610612760,Pistons,Thunder,2027-02-25 22:30:00+00:00,regular,nba_regular_fullgame_moneyline_ot,False,5:30 pm ET,2027-02-27 22:30:00+00:00,2027-02-27 21:30:00+00:00
0022600868,1610612741,1610612751,Bulls,Nets,2027-02-26 01:00:00+00:00,regular,nba_regular_fullgame_moneyline_ot,False,8:00 pm ET,2027-02-28 01:00:00+00:00,2027-02-28 00:00:00+00:00
0022600869,1610612763,1610612758,Grizzlies,Kings,2027-02-26 01:00:00+00:00,regular,nba_regular_fullgame_moneyline_ot,False,8:00 pm ET,2027-02-28 01:00:00+00:00,2027-02-28 00:00:00+00:00
0022600870,1610612752,1610612755,Knicks,76ers,2027-02-26 01:30:00+00:00,regular,nba_regular_fullgame_moneyline_ot,False,8:30 pm ET,2027-02-28 01:30:00+00:00,2027-02-28 00:30:00+00:00
0022600871,1610612756,1610612740,Suns,Pelicans,2027-02-26 02:00:00+00:00,regular,nba_regular_fullgame_moneyline_ot,False,9:00 pm ET,2027-02-28 02:00:00+00:00,2027-02-28 01:00:00+00:00
0022600872,1610612759,1610612743,Spurs,Nuggets,2027-02-26 18:00:00+00:00,regular,nba_regular_fullgame_moneyline_ot,False,1:00 pm ET,2027-02-28 18:00:00+00:00,2027-02-28 17:00:00+00:00
0022600873,1610612742,1610612747,Mavericks,Lakers,2027-02-26 20:30:00+00:00,regular,nba_regular_fullgame_moneyline_ot,False,3:30 pm ET,2027-02-28 20:30:00+00:00,2027-02-28 19:30:00+00:00
0022600874,1610612754,1610612761,Pacers,Raptors,2027-02-26 21:00:00+00:00,regular,nba_regular_fullgame_moneyline_ot,False,4:00 pm ET,2027-02-28 21:00:00+00:00,2027-02-28 20:00:00+00:00
0022600875,1610612753,1610612737,Magic,Hawks,2027-02-26 21:30:00+00:00,regular,nba_regular_fullgame_moneyline_ot,False,4:30 pm ET,2027-02-28 21:30:00+00:00,2027-02-28 20:30:00+00:00
0022600876,1610612766,1610612758,Hornets,Kings,2027-02-27 00:00:00+00:00,regular,nba_regular_fullgame_moneyline_ot,False,7:00 pm ET,2027-03-01 00:00:00+00:00,2027-02-28 23:00:00+00:00
0022600877,1610612750,1610612738,Timberwolves,Celtics,2027-02-27 00:00:00+00:00,regular,nba_regular_fullgame_moneyline_ot,False,7:00 pm ET,2027-03-01 00:00:00+00:00,2027-02-28 23:00:00+00:00
0022600878,1610612752,1610612749,Knicks,Bucks,2027-02-27 00:30:00+00:00,regular,nba_regular_fullgame_moneyline_ot,False,7:30 pm ET,2027-03-01 00:30:00+00:00,2027-02-28 23:30:00+00:00
0022600879,1610612745,1610612748,Rockets,Heat,2027-02-27 02:30:00+00:00,regular,nba_regular_fullgame_moneyline_ot,False,9:30 pm ET,2027-03-01 02:30:00+00:00,2027-03-01 01:30:00+00:00
0022600880,1610612746,1610612757,Clippers,Trail Blazers,2027-02-27 03:30:00+00:00,regular,nba_regular_fullgame_moneyline_ot,False,10:30 pm ET,2027-03-01 03:30:00+00:00,2027-03-01 02:30:00+00:00
0022600881,1610612739,1610612755,Cavaliers,76ers,2027-02-28 00:00:00+00:00,regular,nba_regular_fullgame_moneyline_ot,False,7:00 pm ET,2027-03-02 00:00:00+00:00,2027-03-01 23:00:00+00:00
0022600882,1610612765,1610612741,Pistons,Bulls,2027-02-28 00:00:00+00:00,regular,nba_regular_fullgame_moneyline_ot,False,7:00 pm ET,2027-03-02 00:00:00+00:00,2027-03-01 23:00:00+00:00
0022600883,1610612740,1610612762,Pelicans,Jazz,2027-02-28 01:00:00+00:00,regular,nba_regular_fullgame_moneyline_ot,False,8:00 pm ET,2027-03-02 01:00:00+00:00,2027-03-02 00:00:00+00:00
0022600884,1610612745,1610612744,Rockets,Warriors,2027-02-28 01:30:00+00:00,regular,nba_regular_fullgame_moneyline_ot,False,8:30 pm ET,2027-03-02 01:30:00+00:00,2027-03-02 00:30:00+00:00
0022600885,1610612743,1610612751,Nuggets,Nets,2027-02-28 02:00:00+00:00,regular,nba_regular_fullgame_moneyline_ot,False,9:00 pm ET,2027-03-02 02:00:00+00:00,2027-03-02 01:00:00+00:00
0022600886,1610612756,1610612764,Suns,Wizards,2027-02-28 02:30:00+00:00,regular,nba_regular_fullgame_moneyline_ot,False,9:30 pm ET,2027-03-02 02:30:00+00:00,2027-03-02 01:30:00+00:00
0022600887,1610612754,1610612738,Pacers,Celtics,2027-03-01 00:00:00+00:00,regular,nba_regular_fullgame_moneyline_ot,False,7:00 pm ET,2027-03-03 00:00:00+00:00,2027-03-02 23:00:00+00:00
0022600888,1610612753,1610612747,Magic,Lakers,2027-03-01 00:00:00+00:00,regular,nba_regular_fullgame_moneyline_ot,False,7:00 pm ET,2027-03-03 00:00:00+00:00,2027-03-02 23:00:00+00:00
0022600889,1610612748,1610612761,Heat,Raptors,2027-03-01 00:30:00+00:00,regular,nba_regular_fullgame_moneyline_ot,False,7:30 pm ET,2027-03-03 00:30:00+00:00,2027-03-02 23:30:00+00:00
0022600890,1610612752,1610612763,Knicks,Grizzlies,2027-03-01 00:30:00+00:00,regular,nba_regular_fullgame_moneyline_ot,False,7:30 pm ET,2027-03-03 00:30:00+00:00,2027-03-02 23:30:00+00:00
0022600891,1610612742,1610612744,Mavericks,Warriors,2027-03-01 01:00:00+00:00,regular,nba_regular_fullgame_moneyline_ot,False,8:00 pm ET,2027-03-03 01:00:00+00:00,2027-03-03 00:00:00+00:00
0022600892,1610612749,1610612765,Bucks,Pistons,2027-03-01 01:00:00+00:00,regular,nba_regular_fullgame_moneyline_ot,False,8:00 pm ET,2027-03-03 01:00:00+00:00,2027-03-03 00:00:00+00:00
0022600893,1610612760,1610612750,Thunder,Timberwolves,2027-03-01 01:00:00+00:00,regular,nba_regular_fullgame_moneyline_ot,False,8:00 pm ET,2027-03-03 01:00:00+00:00,2027-03-03 00:00:00+00:00
0022600894,1610612758,1610612764,Kings,Wizards,2027-03-01 03:00:00+00:00,regular,nba_regular_fullgame_moneyline_ot,False,10:00 pm ET,2027-03-03 03:00:00+00:00,2027-03-03 02:00:00+00:00
0022600895,1610612757,1610612746,Trail Blazers,Clippers,2027-03-01 04:00:00+00:00,regular,nba_regular_fullgame_moneyline_ot,False,11:00 pm ET,2027-03-03 04:00:00+00:00,2027-03-03 03:00:00+00:00
0022600896,1610612737,1610612741,Hawks,Bulls,2027-03-02 00:00:00+00:00,regular,nba_regular_fullgame_moneyline_ot,False,7:00 pm ET,2027-03-04 00:00:00+00:00,2027-03-03 23:00:00+00:00
0022600897,1610612755,1610612766,76ers,Hornets,2027-03-02 00:00:00+00:00,regular,nba_regular_fullgame_moneyline_ot,False,7:00 pm ET,2027-03-04 00:00:00+00:00,2027-03-03 23:00:00+00:00
0022600898,1610612748,1610612761,Heat,Raptors,2027-03-02 00:30:00+00:00,regular,nba_regular_fullgame_moneyline_ot,False,7:30 pm ET,2027-03-04 00:30:00+00:00,2027-03-03 23:30:00+00:00
0022600899,1610612749,1610612762,Bucks,Jazz,2027-03-02 01:00:00+00:00,regular,nba_regular_fullgame_moneyline_ot,False,8:00 pm ET,2027-03-04 01:00:00+00:00,2027-03-04 00:00:00+00:00
0022600900,1610612745,1610612740,Rockets,Pelicans,2027-03-02 01:30:00+00:00,regular,nba_regular_fullgame_moneyline_ot,False,8:30 pm ET,2027-03-04 01:30:00+00:00,2027-03-04 00:30:00+00:00
0022600901,1610612756,1610612751,Suns,Nets,2027-03-02 02:00:00+00:00,regular,nba_regular_fullgame_moneyline_ot,False,9:00 pm ET,2027-03-04 02:00:00+00:00,2027-03-04 01:00:00+00:00
0022600902,1610612743,1610612759,Nuggets,Spurs,2027-03-02 03:00:00+00:00,regular,nba_regular_fullgame_moneyline_ot,False,10:00 pm ET,2027-03-04 03:00:00+00:00,2027-03-04 02:00:00+00:00
0022600903,1610612739,1610612757,Cavaliers,Trail Blazers,2027-03-03 00:00:00+00:00,regular,nba_regular_fullgame_moneyline_ot,False,7:00 pm ET,2027-03-05 00:00:00+00:00,2027-03-04 23:00:00+00:00
0022600904,1610612753,1610612754,Magic,Pacers,2027-03-03 00:00:00+00:00,regular,nba_regular_fullgame_moneyline_ot,False,7:00 pm ET,2027-03-05 00:00:00+00:00,2027-03-04 23:00:00+00:00
0022600905,1610612755,1610612747,76ers,Lakers,2027-03-03 00:00:00+00:00,regular,nba_regular_fullgame_moneyline_ot,False,7:00 pm ET,2027-03-05 00:00:00+00:00,2027-03-04 23:00:00+00:00
0022600906,1610612737,1610612763,Hawks,Grizzlies,2027-03-03 00:30:00+00:00,regular,nba_regular_fullgame_moneyline_ot,False,7:30 pm ET,2027-03-05 00:30:00+00:00,2027-03-04 23:30:00+00:00
0022600907,1610612742,1610612752,Mavericks,Knicks,2027-03-03 02:30:00+00:00,regular,nba_regular_fullgame_moneyline_ot,False,9:30 pm ET,2027-03-05 02:30:00+00:00,2027-03-05 01:30:00+00:00
0022600908,1610612744,1610612764,Warriors,Wizards,2027-03-03 03:00:00+00:00,regular,nba_regular_fullgame_moneyline_ot,False,10:00 pm ET,2027-03-05 03:00:00+00:00,2027-03-05 02:00:00+00:00
0022600909,1610612758,1610612760,Kings,Thunder,2027-03-03 03:00:00+00:00,regular,nba_regular_fullgame_moneyline_ot,False,10:00 pm ET,2027-03-05 03:00:00+00:00,2027-03-05 02:00:00+00:00
0022600910,1610612746,1610612751,Clippers,Nets,2027-03-03 03:30:00+00:00,regular,nba_regular_fullgame_moneyline_ot,False,10:30 pm ET,2027-03-05 03:30:00+00:00,2027-03-05 02:30:00+00:00
0022600911,1610612765,1610612738,Pistons,Celtics,2027-03-04 00:00:00+00:00,regular,nba_regular_fullgame_moneyline_ot,False,7:00 pm ET,2027-03-06 00:00:00+00:00,2027-03-05 23:00:00+00:00
0022600912,1610612753,1610612762,Magic,Jazz,2027-03-04 00:00:00+00:00,regular,nba_regular_fullgame_moneyline_ot,False,7:00 pm ET,2027-03-06 00:00:00+00:00,2027-03-05 23:00:00+00:00
0022600913,1610612761,1610612757,Raptors,Trail Blazers,2027-03-04 00:30:00+00:00,regular,nba_regular_fullgame_moneyline_ot,False,7:30 pm ET,2027-03-06 00:30:00+00:00,2027-03-05 23:30:00+00:00
0022600914,1610612740,1610612749,Pelicans,Bucks,2027-03-04 01:00:00+00:00,regular,nba_regular_fullgame_moneyline_ot,False,8:00 pm ET,2027-03-06 01:00:00+00:00,2027-03-06 00:00:00+00:00
0022600915,1610612756,1610612750,Suns,Timberwolves,2027-03-04 02:00:00+00:00,regular,nba_regular_fullgame_moneyline_ot,False,9:00 pm ET,2027-03-06 02:00:00+00:00,2027-03-06 01:00:00+00:00
0022600916,1610612745,1610612759,Rockets,Spurs,2027-03-04 02:30:00+00:00,regular,nba_regular_fullgame_moneyline_ot,False,9:30 pm ET,2027-03-06 02:30:00+00:00,2027-03-06 01:30:00+00:00
0022600917,1610612748,1610612754,Heat,Pacers,2027-03-04 20:00:00+00:00,regular,nba_regular_fullgame_moneyline_ot,False,3:00 pm ET,2027-03-06 20:00:00+00:00,2027-03-06 19:00:00+00:00
0022600918,1610612741,1610612766,Bulls,Hornets,2027-03-04 22:00:00+00:00,regular,nba_regular_fullgame_moneyline_ot,False,5:00 pm ET,2027-03-06 22:00:00+00:00,2027-03-06 21:00:00+00:00
0022600919,1610612739,1610612737,Cavaliers,Hawks,2027-03-04 22:30:00+00:00,regular,nba_regular_fullgame_moneyline_ot,False,5:30 pm ET,2027-03-06 22:30:00+00:00,2027-03-06 21:30:00+00:00
0022600920,1610612764,1610612762,Wizards,Jazz,2027-03-05 00:00:00+00:00,regular,nba_regular_fullgame_moneyline_ot,False,7:00 pm ET,2027-03-07 00:00:00+00:00,2027-03-06 23:00:00+00:00
0022600921,1610612763,1610612740,Grizzlies,Pelicans,2027-03-05 01:00:00+00:00,regular,nba_regular_fullgame_moneyline_ot,False,8:00 pm ET,2027-03-07 01:00:00+00:00,2027-03-07 00:00:00+00:00
0022600922,1610612747,1610612760,Lakers,Thunder,2027-03-05 01:30:00+00:00,regular,nba_regular_fullgame_moneyline_ot,False,8:30 pm ET,2027-03-07 01:30:00+00:00,2027-03-07 00:30:00+00:00
0022600923,1610612758,1610612746,Kings,Clippers,2027-03-05 03:00:00+00:00,regular,nba_regular_fullgame_moneyline_ot,False,10:00 pm ET,2027-03-07 03:00:00+00:00,2027-03-07 02:00:00+00:00
0022600924,1610612738,1610612755,Celtics,76ers,2027-03-05 18:00:00+00:00,regular,nba_regular_fullgame_moneyline_ot,False,1:00 pm ET,2027-03-07 18:00:00+00:00,2027-03-07 17:00:00+00:00
0022600925,1610612743,1610612750,Nuggets,Timberwolves,2027-03-05 20:30:00+00:00,regular,nba_regular_fullgame_moneyline_ot,False,3:30 pm ET,2027-03-07 20:30:00+00:00,2027-03-07 19:30:00+00:00
0022600926,1610612741,1610612757,Bulls,Trail Blazers,2027-03-05 22:00:00+00:00,regular,nba_regular_fullgame_moneyline_ot,False,5:00 pm ET,2027-03-07 22:00:00+00:00,2027-03-07 21:00:00+00:00
0022600927,1610612759,1610612752,Spurs,Knicks,2027-03-06 00:30:00+00:00,regular,nba_regular_fullgame_moneyline_ot,False,7:30 pm ET,2027-03-08 00:30:00+00:00,2027-03-07 23:30:00+00:00
0022600928,1610612744,1610612745,Warriors,Rockets,2027-03-06 03:00:00+00:00,regular,nba_regular_fullgame_moneyline_ot,False,10:00 pm ET,2027-03-08 03:00:00+00:00,2027-03-08 02:00:00+00:00
0022600929,1610612747,1610612751,Lakers,Nets,2027-03-06 03:30:00+00:00,regular,nba_regular_fullgame_moneyline_ot,False,10:30 pm ET,2027-03-08 03:30:00+00:00,2027-03-08 02:30:00+00:00
0022600930,1610612754,1610612766,Pacers,Hornets,2027-03-07 00:00:00+00:00,regular,nba_regular_fullgame_moneyline_ot,False,7:00 pm ET,2027-03-09 00:00:00+00:00,2027-03-08 23:00:00+00:00
0022600931,1610612755,1610612762,76ers,Jazz,2027-03-07 00:00:00+00:00,regular,nba_regular_fullgame_moneyline_ot,False,7:00 pm ET,2027-03-09 00:00:00+00:00,2027-03-08 23:00:00+00:00
0022600932,1610612748,1610612756,Heat,Suns,2027-03-07 00:30:00+00:00,regular,nba_regular_fullgame_moneyline_ot,False,7:30 pm ET,2027-03-09 00:30:00+00:00,2027-03-08 23:30:00+00:00
0022600933,1610612763,1610612737,Grizzlies,Hawks,2027-03-07 01:00:00+00:00,regular,nba_regular_fullgame_moneyline_ot,False,8:00 pm ET,2027-03-09 01:00:00+00:00,2027-03-09 00:00:00+00:00
0022600934,1610612750,1610612740,Timberwolves,Pelicans,2027-03-07 01:00:00+00:00,regular,nba_regular_fullgame_moneyline_ot,False,8:00 pm ET,2027-03-09 01:00:00+00:00,2027-03-09 00:00:00+00:00
0022600935,1610612760,1610612742,Thunder,Mavericks,2027-03-07 02:30:00+00:00,regular,nba_regular_fullgame_moneyline_ot,False,9:30 pm ET,2027-03-09 02:30:00+00:00,2027-03-09 01:30:00+00:00
0022600936,1610612758,1610612743,Kings,Nuggets,2027-03-07 03:00:00+00:00,regular,nba_regular_fullgame_moneyline_ot,False,10:00 pm ET,2027-03-09 03:00:00+00:00,2027-03-09 02:00:00+00:00
0022600937,1610612746,1610612745,Clippers,Rockets,2027-03-07 03:30:00+00:00,regular,nba_regular_fullgame_moneyline_ot,False,10:30 pm ET,2027-03-09 03:30:00+00:00,2027-03-09 02:30:00+00:00
0022600938,1610612753,1610612756,Magic,Suns,2027-03-08 00:00:00+00:00,regular,nba_regular_fullgame_moneyline_ot,False,7:00 pm ET,2027-03-10 00:00:00+00:00,2027-03-09 23:00:00+00:00
0022600939,1610612751,1610612749,Nets,Bucks,2027-03-08 00:30:00+00:00,regular,nba_regular_fullgame_moneyline_ot,False,7:30 pm ET,2027-03-10 00:30:00+00:00,2027-03-09 23:30:00+00:00
0022600940,1610612765,1610612739,Pistons,Cavaliers,2027-03-08 01:00:00+00:00,regular,nba_regular_fullgame_moneyline_ot,False,8:00 pm ET,2027-03-10 01:00:00+00:00,2027-03-10 00:00:00+00:00
0022600941,1610612741,1610612738,Bulls,Celtics,2027-03-08 01:00:00+00:00,regular,nba_regular_fullgame_moneyline_ot,False,8:00 pm ET,2027-03-10 01:00:00+00:00,2027-03-10 00:00:00+00:00
0022600942,1610612742,1610612763,Mavericks,Grizzlies,2027-03-08 01:00:00+00:00,regular,nba_regular_fullgame_moneyline_ot,False,8:00 pm ET,2027-03-10 01:00:00+00:00,2027-03-10 00:00:00+00:00
0022600943,1610612759,1610612764,Spurs,Wizards,2027-03-08 01:00:00+00:00,regular,nba_regular_fullgame_moneyline_ot,False,8:00 pm ET,2027-03-10 01:00:00+00:00,2027-03-10 00:00:00+00:00
0022600944,1610612744,1610612757,Warriors,Trail Blazers,2027-03-08 04:00:00+00:00,regular,nba_regular_fullgame_moneyline_ot,False,11:00 pm ET,2027-03-10 04:00:00+00:00,2027-03-10 03:00:00+00:00
0022600945,1610612766,1610612740,Hornets,Pelicans,2027-03-09 00:00:00+00:00,regular,nba_regular_fullgame_moneyline_ot,False,7:00 pm ET,2027-03-11 00:00:00+00:00,2027-03-10 23:00:00+00:00
0022600946,1610612748,1610612753,Heat,Magic,2027-03-09 00:00:00+00:00,regular,nba_regular_fullgame_moneyline_ot,False,7:00 pm ET,2027-03-11 00:00:00+00:00,2027-03-10 23:00:00+00:00
0022600947,1610612761,1610612760,Raptors,Thunder,2027-03-09 00:30:00+00:00,regular,nba_regular_fullgame_moneyline_ot,False,7:30 pm ET,2027-03-11 00:30:00+00:00,2027-03-10 23:30:00+00:00
0022600948,1610612762,1610612745,Jazz,Rockets,2027-03-09 02:00:00+00:00,regular,nba_regular_fullgame_moneyline_ot,False,9:00 pm ET,2027-03-11 02:00:00+00:00,2027-03-11 01:00:00+00:00
0022600949,1610612750,1610612737,Timberwolves,Hawks,2027-03-09 02:30:00+00:00,regular,nba_regular_fullgame_moneyline_ot,False,9:30 pm ET,2027-03-11 02:30:00+00:00,2027-03-11 01:30:00+00:00
0022600950,1610612757,1610612743,Trail Blazers,Nuggets,2027-03-09 03:00:00+00:00,regular,nba_regular_fullgame_moneyline_ot,False,10:00 pm ET,2027-03-11 03:00:00+00:00,2027-03-11 02:00:00+00:00
0022600951,1610612758,1610612744,Kings,Warriors,2027-03-09 03:00:00+00:00,regular,nba_regular_fullgame_moneyline_ot,False,10:00 pm ET,2027-03-11 03:00:00+00:00,2027-03-11 02:00:00+00:00
0022600952,1610612746,1610612752,Clippers,Knicks,2027-03-09 03:30:00+00:00,regular,nba_regular_fullgame_moneyline_ot,False,10:30 pm ET,2027-03-11 03:30:00+00:00,2027-03-11 02:30:00+00:00
0022600953,1610612766,1610612754,Hornets,Pacers,2027-03-10 00:00:00+00:00,regular,nba_regular_fullgame_moneyline_ot,False,7:00 pm ET,2027-03-12 00:00:00+00:00,2027-03-11 23:00:00+00:00
0022600954,1610612765,1610612749,Pistons,Bucks,2027-03-10 00:00:00+00:00,regular,nba_regular_fullgame_moneyline_ot,False,7:00 pm ET,2027-03-12 00:00:00+00:00,2027-03-11 23:00:00+00:00
0022600955,1610612738,1610612763,Celtics,Grizzlies,2027-03-10 00:30:00+00:00,regular,nba_regular_fullgame_moneyline_ot,False,7:30 pm ET,2027-03-12 00:30:00+00:00,2027-03-11 23:30:00+00:00
0022600956,1610612759,1610612755,Spurs,76ers,2027-03-10 00:30:00+00:00,regular,nba_regular_fullgame_moneyline_ot,False,7:30 pm ET,2027-03-12 00:30:00+00:00,2027-03-11 23:30:00+00:00
0022600957,1610612737,1610612751,Hawks,Nets,2027-03-10 01:00:00+00:00,regular,nba_regular_fullgame_moneyline_ot,False,8:00 pm ET,2027-03-12 01:00:00+00:00,2027-03-12 00:00:00+00:00
0022600958,1610612741,1610612756,Bulls,Suns,2027-03-10 01:00:00+00:00,regular,nba_regular_fullgame_moneyline_ot,False,8:00 pm ET,2027-03-12 01:00:00+00:00,2027-03-12 00:00:00+00:00
0022600959,1610612742,1610612764,Mavericks,Wizards,2027-03-10 01:00:00+00:00,regular,nba_regular_fullgame_moneyline_ot,False,8:00 pm ET,2027-03-12 01:00:00+00:00,2027-03-12 00:00:00+00:00
0022600960,1610612747,1610612752,Lakers,Knicks,2027-03-10 03:00:00+00:00,regular,nba_regular_fullgame_moneyline_ot,False,10:00 pm ET,2027-03-12 03:00:00+00:00,2027-03-12 02:00:00+00:00
0022600961,1610612746,1610612739,Clippers,Cavaliers,2027-03-10 03:30:00+00:00,regular,nba_regular_fullgame_moneyline_ot,False,10:30 pm ET,2027-03-12 03:30:00+00:00,2027-03-12 02:30:00+00:00
0022600962,1610612738,1610612760,Celtics,Thunder,2027-03-11 00:30:00+00:00,regular,nba_regular_fullgame_moneyline_ot,False,7:30 pm ET,2027-03-13 00:30:00+00:00,2027-03-12 23:30:00+00:00
0022600963,1610612749,1610612748,Bucks,Heat,2027-03-11 01:00:00+00:00,regular,nba_regular_fullgame_moneyline_ot,False,8:00 pm ET,2027-03-13 01:00:00+00:00,2027-03-13 00:00:00+00:00
0022600964,1610612740,1610612761,Pelicans,Raptors,2027-03-11 01:00:00+00:00,regular,nba_regular_fullgame_moneyline_ot,False,8:00 pm ET,2027-03-13 01:00:00+00:00,2027-03-13 00:00:00+00:00
0022600965,1610612762,1610612758,Jazz,Kings,2027-03-11 02:30:00+00:00,regular,nba_regular_fullgame_moneyline_ot,False,9:30 pm ET,2027-03-13 02:30:00+00:00,2027-03-13 01:30:00+00:00
0022600966,1610612743,1610612744,Nuggets,Warriors,2027-03-11 03:00:00+00:00,regular,nba_regular_fullgame_moneyline_ot,False,10:00 pm ET,2027-03-13 03:00:00+00:00,2027-03-13 02:00:00+00:00
0022600967,1610612747,1610612739,Lakers,Cavaliers,2027-03-11 03:00:00+00:00,regular,nba_regular_fullgame_moneyline_ot,False,10:00 pm ET,2027-03-13 03:00:00+00:00,2027-03-13 02:00:00+00:00
0022600968,1610612737,1610612753,Hawks,Magic,2027-03-11 20:00:00+00:00,regular,nba_regular_fullgame_moneyline_ot,False,3:00 pm ET,2027-03-13 20:00:00+00:00,2027-03-13 19:00:00+00:00
0022600969,1610612765,1610612751,Pistons,Nets,2027-03-11 20:00:00+00:00,regular,nba_regular_fullgame_moneyline_ot,False,3:00 pm ET,2027-03-13 20:00:00+00:00,2027-03-13 19:00:00+00:00
0022600970,1610612745,1610612754,Rockets,Pacers,2027-03-11 22:30:00+00:00,regular,nba_regular_fullgame_moneyline_ot,False,5:30 pm ET,2027-03-13 22:30:00+00:00,2027-03-13 21:30:00+00:00
0022600971,1610612766,1610612756,Hornets,Suns,2027-03-11 23:00:00+00:00,regular,nba_regular_fullgame_moneyline_ot,False,6:00 pm ET,2027-03-13 23:00:00+00:00,2027-03-13 22:00:00+00:00
0022600972,1610612741,1610612763,Bulls,Grizzlies,2027-03-12 01:00:00+00:00,regular,nba_regular_fullgame_moneyline_ot,False,8:00 pm ET,2027-03-14 01:00:00+00:00,2027-03-14 00:00:00+00:00
0022600973,1610612742,1610612740,Mavericks,Pelicans,2027-03-12 01:00:00+00:00,regular,nba_regular_fullgame_moneyline_ot,False,8:00 pm ET,2027-03-14 01:00:00+00:00,2027-03-14 00:00:00+00:00
0022600974,1610612750,1610612755,Timberwolves,76ers,2027-03-12 01:30:00+00:00,regular,nba_regular_fullgame_moneyline_ot,False,8:30 pm ET,2027-03-14 01:30:00+00:00,2027-03-14 00:30:00+00:00
0022600975,1610612757,1610612746,Trail Blazers,Clippers,2027-03-12 03:30:00+00:00,regular,nba_regular_fullgame_moneyline_ot,False,10:30 pm ET,2027-03-14 03:30:00+00:00,2027-03-14 02:30:00+00:00
0022600976,1610612752,1610612738,Knicks,Celtics,2027-03-12 16:00:00+00:00,regular,nba_regular_fullgame_moneyline_ot,False,12:00 pm ET,2027-03-14 16:00:00+00:00,2027-03-14 15:00:00+00:00
0022600977,1610612760,1610612759,Thunder,Spurs,2027-03-12 18:30:00+00:00,regular,nba_regular_fullgame_moneyline_ot,False,2:30 pm ET,2027-03-14 18:30:00+00:00,2027-03-14 17:30:00+00:00
0022600978,1610612761,1610612765,Raptors,Pistons,2027-03-12 21:00:00+00:00,regular,nba_regular_fullgame_moneyline_ot,False,5:00 pm ET,2027-03-14 21:00:00+00:00,2027-03-14 20:00:00+00:00
0022600979,1610612758,1610612739,Kings,Cavaliers,2027-03-12 22:00:00+00:00,regular,nba_regular_fullgame_moneyline_ot,False,6:00 pm ET,2027-03-14 22:00:00+00:00,2027-03-14 21:00:00+00:00
0022600980,1610612743,1610612748,Nuggets,Heat,2027-03-12 23:30:00+00:00,regular,nba_regular_fullgame_moneyline_ot,False,7:30 pm ET,2027-03-14 23:30:00+00:00,2027-03-14 22:30:00+00:00
0022600981,1610612750,1610612764,Timberwolves,Wizards,2027-03-13 00:00:00+00:00,regular,nba_regular_fullgame_moneyline_ot,False,8:00 pm ET,2027-03-15 00:00:00+00:00,2027-03-14 23:00:00+00:00
0022600982,1610612747,1610612744,Lakers,Warriors,2027-03-13 02:00:00+00:00,regular,nba_regular_fullgame_moneyline_ot,False,10:00 pm ET,2027-03-15 02:00:00+00:00,2027-03-15 01:00:00+00:00
0022600983,1610612755,1610612761,76ers,Raptors,2027-03-13 23:00:00+00:00,regular,nba_regular_fullgame_moneyline_ot,False,7:00 pm ET,2027-03-15 23:00:00+00:00,2027-03-15 22:00:00+00:00
0022600984,1610612751,1610612754,Nets,Pacers,2027-03-13 23:30:00+00:00,regular,nba_regular_fullgame_moneyline_ot,False,7:30 pm ET,2027-03-15 23:30:00+00:00,2027-03-15 22:30:00+00:00
0022600985,1610612741,1610612753,Bulls,Magic,2027-03-14 00:00:00+00:00,regular,nba_regular_fullgame_moneyline_ot,False,8:00 pm ET,2027-03-16 00:00:00+00:00,2027-03-15 23:00:00+00:00
0022600986,1610612763,1610612756,Grizzlies,Suns,2027-03-14 00:00:00+00:00,regular,nba_regular_fullgame_moneyline_ot,False,8:00 pm ET,2027-03-16 00:00:00+00:00,2027-03-15 23:00:00+00:00
0022600987,1610612742,1610612737,Mavericks,Hawks,2027-03-14 01:30:00+00:00,regular,nba_regular_fullgame_moneyline_ot,False,9:30 pm ET,2027-03-16 01:30:00+00:00,2027-03-16 00:30:00+00:00
0022600988,1610612764,1610612752,Wizards,Knicks,2027-03-14 23:00:00+00:00,regular,nba_regular_fullgame_moneyline_ot,False,7:00 pm ET,2027-03-16 23:00:00+00:00,2027-03-16 22:00:00+00:00
0022600989,1610612738,1610612758,Celtics,Kings,2027-03-14 23:30:00+00:00,regular,nba_regular_fullgame_moneyline_ot,False,7:30 pm ET,2027-03-16 23:30:00+00:00,2027-03-16 22:30:00+00:00
0022600990,1610612754,1610612765,Pacers,Pistons,2027-03-15 00:00:00+00:00,regular,nba_regular_fullgame_moneyline_ot,False,8:00 pm ET,2027-03-17 00:00:00+00:00,2027-03-16 23:00:00+00:00
0022600991,1610612749,1610612753,Bucks,Magic,2027-03-15 00:00:00+00:00,regular,nba_regular_fullgame_moneyline_ot,False,8:00 pm ET,2027-03-17 00:00:00+00:00,2027-03-16 23:00:00+00:00
0022600992,1610612740,1610612750,Pelicans,Timberwolves,2027-03-15 00:00:00+00:00,regular,nba_regular_fullgame_moneyline_ot,False,8:00 pm ET,2027-03-17 00:00:00+00:00,2027-03-16 23:00:00+00:00
0022600993,1610612760,1610612766,Thunder,Hornets,2027-03-15 00:00:00+00:00,regular,nba_regular_fullgame_moneyline_ot,False,8:00 pm ET,2027-03-17 00:00:00+00:00,2027-03-16 23:00:00+00:00
0022600994,1610612745,1610612759,Rockets,Spurs,2027-03-15 00:30:00+00:00,regular,nba_regular_fullgame_moneyline_ot,False,8:30 pm ET,2027-03-17 00:30:00+00:00,2027-03-16 23:30:00+00:00
0022600995,1610612744,1610612739,Warriors,Cavaliers,2027-03-15 02:00:00+00:00,regular,nba_regular_fullgame_moneyline_ot,False,10:00 pm ET,2027-03-17 02:00:00+00:00,2027-03-17 01:00:00+00:00
0022600996,1610612757,1610612747,Trail Blazers,Lakers,2027-03-15 02:00:00+00:00,regular,nba_regular_fullgame_moneyline_ot,False,10:00 pm ET,2027-03-17 02:00:00+00:00,2027-03-17 01:00:00+00:00
0022600997,1610612746,1610612743,Clippers,Nuggets,2027-03-15 03:00:00+00:00,regular,nba_regular_fullgame_moneyline_ot,False,11:00 pm ET,2027-03-17 03:00:00+00:00,2027-03-17 02:00:00+00:00
0022600998,1610612755,1610612741,76ers,Bulls,2027-03-15 23:00:00+00:00,regular,nba_regular_fullgame_moneyline_ot,False,7:00 pm ET,2027-03-17 23:00:00+00:00,2027-03-17 22:00:00+00:00
0022600999,1610612752,1610612758,Knicks,Kings,2027-03-15 23:30:00+00:00,regular,nba_regular_fullgame_moneyline_ot,False,7:30 pm ET,2027-03-17 23:30:00+00:00,2027-03-17 22:30:00+00:00
0022601000,1610612760,1610612742,Thunder,Mavericks,2027-03-15 23:30:00+00:00,regular,nba_regular_fullgame_moneyline_ot,False,7:30 pm ET,2027-03-17 23:30:00+00:00,2027-03-17 22:30:00+00:00
0022601001,1610612745,1610612751,Rockets,Nets,2027-03-16 00:30:00+00:00,regular,nba_regular_fullgame_moneyline_ot,False,8:30 pm ET,2027-03-18 00:30:00+00:00,2027-03-17 23:30:00+00:00
0022601002,1610612762,1610612737,Jazz,Hawks,2027-03-16 01:00:00+00:00,regular,nba_regular_fullgame_moneyline_ot,False,9:00 pm ET,2027-03-18 01:00:00+00:00,2027-03-18 00:00:00+00:00
0022601003,1610612744,1610612763,Warriors,Grizzlies,2027-03-16 02:00:00+00:00,regular,nba_regular_fullgame_moneyline_ot,False,10:00 pm ET,2027-03-18 02:00:00+00:00,2027-03-18 01:00:00+00:00
0022601004,1610612747,1610612756,Lakers,Suns,2027-03-16 02:00:00+00:00,regular,nba_regular_fullgame_moneyline_ot,False,10:00 pm ET,2027-03-18 02:00:00+00:00,2027-03-18 01:00:00+00:00
0022601005,1610612757,1610612748,Trail Blazers,Heat,2027-03-16 02:00:00+00:00,regular,nba_regular_fullgame_moneyline_ot,False,10:00 pm ET,2027-03-18 02:00:00+00:00,2027-03-18 01:00:00+00:00
0022601006,1610612754,1610612761,Pacers,Raptors,2027-03-16 23:00:00+00:00,regular,nba_regular_fullgame_moneyline_ot,False,7:00 pm ET,2027-03-18 23:00:00+00:00,2027-03-18 22:00:00+00:00
0022601007,1610612764,1610612755,Wizards,76ers,2027-03-16 23:00:00+00:00,regular,nba_regular_fullgame_moneyline_ot,False,7:00 pm ET,2027-03-18 23:00:00+00:00,2027-03-18 22:00:00+00:00
0022601008,1610612738,1610612753,Celtics,Magic,2027-03-16 23:30:00+00:00,regular,nba_regular_fullgame_moneyline_ot,False,7:30 pm ET,2027-03-18 23:30:00+00:00,2027-03-18 22:30:00+00:00
0022601009,1610612749,1610612765,Bucks,Pistons,2027-03-17 00:00:00+00:00,regular,nba_regular_fullgame_moneyline_ot,False,8:00 pm ET,2027-03-19 00:00:00+00:00,2027-03-18 23:00:00+00:00
0022601010,1610612740,1610612766,Pelicans,Hornets,2027-03-17 00:00:00+00:00,regular,nba_regular_fullgame_moneyline_ot,False,8:00 pm ET,2027-03-19 00:00:00+00:00,2027-03-18 23:00:00+00:00
0022601011,1610612759,1610612751,Spurs,Nets,2027-03-17 00:00:00+00:00,regular,nba_regular_fullgame_moneyline_ot,False,8:00 pm ET,2027-03-19 00:00:00+00:00,2027-03-18 23:00:00+00:00
0022601012,1610612743,1610612739,Nuggets,Cavaliers,2027-03-17 01:00:00+00:00,regular,nba_regular_fullgame_moneyline_ot,False,9:00 pm ET,2027-03-19 01:00:00+00:00,2027-03-19 00:00:00+00:00
0022601013,1610612762,1610612750,Jazz,Timberwolves,2027-03-17 01:00:00+00:00,regular,nba_regular_fullgame_moneyline_ot,False,9:00 pm ET,2027-03-19 01:00:00+00:00,2027-03-19 00:00:00+00:00
0022601014,1610612746,1610612763,Clippers,Grizzlies,2027-03-17 02:30:00+00:00,regular,nba_regular_fullgame_moneyline_ot,False,10:30 pm ET,2027-03-19 02:30:00+00:00,2027-03-19 01:30:00+00:00
0022601015,1610612761,1610612758,Raptors,Kings,2027-03-17 23:30:00+00:00,regular,nba_regular_fullgame_moneyline_ot,False,7:30 pm ET,2027-03-19 23:30:00+00:00,2027-03-19 22:30:00+00:00
0022601016,1610612740,1610612745,Pelicans,Rockets,2027-03-18 00:00:00+00:00,regular,nba_regular_fullgame_moneyline_ot,False,8:00 pm ET,2027-03-20 00:00:00+00:00,2027-03-19 23:00:00+00:00
0022601017,1610612759,1610612742,Spurs,Mavericks,2027-03-18 00:00:00+00:00,regular,nba_regular_fullgame_moneyline_ot,False,8:00 pm ET,2027-03-20 00:00:00+00:00,2027-03-19 23:00:00+00:00
0022601018,1610612744,1610612757,Warriors,Trail Blazers,2027-03-18 02:00:00+00:00,regular,nba_regular_fullgame_moneyline_ot,False,10:00 pm ET,2027-03-20 02:00:00+00:00,2027-03-20 01:00:00+00:00
0022601019,1610612747,1610612737,Lakers,Hawks,2027-03-18 02:00:00+00:00,regular,nba_regular_fullgame_moneyline_ot,False,10:00 pm ET,2027-03-20 02:00:00+00:00,2027-03-20 01:00:00+00:00
0022601020,1610612756,1610612748,Suns,Heat,2027-03-18 02:30:00+00:00,regular,nba_regular_fullgame_moneyline_ot,False,10:30 pm ET,2027-03-20 02:30:00+00:00,2027-03-20 01:30:00+00:00
0022601021,1610612752,1610612764,Knicks,Wizards,2027-03-18 17:00:00+00:00,regular,nba_regular_fullgame_moneyline_ot,False,1:00 pm ET,2027-03-20 17:00:00+00:00,2027-03-20 16:00:00+00:00
0022601022,1610612753,1610612743,Magic,Nuggets,2027-03-18 23:00:00+00:00,regular,nba_regular_fullgame_moneyline_ot,False,7:00 pm ET,2027-03-20 23:00:00+00:00,2027-03-20 22:00:00+00:00
0022601023,1610612739,1610612741,Cavaliers,Bulls,2027-03-18 23:30:00+00:00,regular,nba_regular_fullgame_moneyline_ot,False,7:30 pm ET,2027-03-20 23:30:00+00:00,2027-03-20 22:30:00+00:00
0022601024,1610612765,1610612766,Pistons,Hornets,2027-03-19 00:00:00+00:00,regular,nba_regular_fullgame_moneyline_ot,False,8:00 pm ET,2027-03-21 00:00:00+00:00,2027-03-20 23:00:00+00:00
0022601025,1610612763,1610612760,Grizzlies,Thunder,2027-03-19 00:00:00+00:00,regular,nba_regular_fullgame_moneyline_ot,False,8:00 pm ET,2027-03-21 00:00:00+00:00,2027-03-20 23:00:00+00:00
0022601026,1610612749,1610612754,Bucks,Pacers,2027-03-19 00:00:00+00:00,regular,nba_regular_fullgame_moneyline_ot,False,8:00 pm ET,2027-03-21 00:00:00+00:00,2027-03-20 23:00:00+00:00
0022601027,1610612746,1610612737,Clippers,Hawks,2027-03-19 02:30:00+00:00,regular,nba_regular_fullgame_moneyline_ot,False,10:30 pm ET,2027-03-21 02:30:00+00:00,2027-03-21 01:30:00+00:00
0022601028,1610612738,1610612740,Celtics,Pelicans,2027-03-19 19:00:00+00:00,regular,nba_regular_fullgame_moneyline_ot,False,3:00 pm ET,2027-03-21 19:00:00+00:00,2027-03-21 18:00:00+00:00
0022601029,1610612751,1610612758,Nets,Kings,2027-03-19 19:00:00+00:00,regular,nba_regular_fullgame_moneyline_ot,False,3:00 pm ET,2027-03-21 19:00:00+00:00,2027-03-21 18:00:00+00:00
0022601030,1610612762,1610612761,Jazz,Raptors,2027-03-19 21:00:00+00:00,regular,nba_regular_fullgame_moneyline_ot,False,5:00 pm ET,2027-03-21 21:00:00+00:00,2027-03-21 20:00:00+00:00
0022601031,1610612756,1610612757,Suns,Trail Blazers,2027-03-19 21:00:00+00:00,regular,nba_regular_fullgame_moneyline_ot,False,5:00 pm ET,2027-03-21 21:00:00+00:00,2027-03-21 20:00:00+00:00
0022601032,1610612748,1610612743,Heat,Nuggets,2027-03-19 22:00:00+00:00,regular,nba_regular_fullgame_moneyline_ot,False,6:00 pm ET,2027-03-21 22:00:00+00:00,2027-03-21 21:00:00+00:00
0022601033,1610612755,1610612759,76ers,Spurs,2027-03-19 23:30:00+00:00,regular,nba_regular_fullgame_moneyline_ot,False,7:30 pm ET,2027-03-21 23:30:00+00:00,2027-03-21 22:30:00+00:00
0022601034,1610612747,1610612742,Lakers,Mavericks,2027-03-20 02:00:00+00:00,regular,nba_regular_fullgame_moneyline_ot,False,10:00 pm ET,2027-03-22 02:00:00+00:00,2027-03-22 01:00:00+00:00
0022601035,1610612739,1610612745,Cavaliers,Rockets,2027-03-20 23:00:00+00:00,regular,nba_regular_fullgame_moneyline_ot,False,7:00 pm ET,2027-03-22 23:00:00+00:00,2027-03-22 22:00:00+00:00
0022601036,1610612753,1610612754,Magic,Pacers,2027-03-20 23:00:00+00:00,regular,nba_regular_fullgame_moneyline_ot,False,7:00 pm ET,2027-03-22 23:00:00+00:00,2027-03-22 22:00:00+00:00
0022601037,1610612741,1610612758,Bulls,Kings,2027-03-21 00:00:00+00:00,regular,nba_regular_fullgame_moneyline_ot,False,8:00 pm ET,2027-03-23 00:00:00+00:00,2027-03-22 23:00:00+00:00
0022601038,1610612763,1610612766,Grizzlies,Hornets,2027-03-21 00:00:00+00:00,regular,nba_regular_fullgame_moneyline_ot,False,8:00 pm ET,2027-03-23 00:00:00+00:00,2027-03-22 23:00:00+00:00
0022601039,1610612749,1610612764,Bucks,Wizards,2027-03-21 00:00:00+00:00,regular,nba_regular_fullgame_moneyline_ot,False,8:00 pm ET,2027-03-23 00:00:00+00:00,2027-03-22 23:00:00+00:00
0022601040,1610612750,1610612765,Timberwolves,Pistons,2027-03-21 01:30:00+00:00,regular,nba_regular_fullgame_moneyline_ot,False,9:30 pm ET,2027-03-23 01:30:00+00:00,2027-03-23 00:30:00+00:00
0022601041,1610612744,1610612737,Warriors,Hawks,2027-03-21 02:00:00+00:00,regular,nba_regular_fullgame_moneyline_ot,False,10:00 pm ET,2027-03-23 02:00:00+00:00,2027-03-23 01:00:00+00:00
0022601042,1610612746,1610612742,Clippers,Mavericks,2027-03-21 02:30:00+00:00,regular,nba_regular_fullgame_moneyline_ot,False,10:30 pm ET,2027-03-23 02:30:00+00:00,2027-03-23 01:30:00+00:00
0022601043,1610612751,1610612738,Nets,Celtics,2027-03-21 23:30:00+00:00,regular,nba_regular_fullgame_moneyline_ot,False,7:30 pm ET,2027-03-23 23:30:00+00:00,2027-03-23 22:30:00+00:00
0022601044,1610612752,1610612740,Knicks,Pelicans,2027-03-21 23:30:00+00:00,regular,nba_regular_fullgame_moneyline_ot,False,7:30 pm ET,2027-03-23 23:30:00+00:00,2027-03-23 22:30:00+00:00
0022601045,1610612748,1610612747,Heat,Lakers,2027-03-22 00:00:00+00:00,regular,nba_regular_fullgame_moneyline_ot,False,8:00 pm ET,2027-03-24 00:00:00+00:00,2027-03-23 23:00:00+00:00
0022601046,1610612762,1610612755,Jazz,76ers,2027-03-22 01:00:00+00:00,regular,nba_regular_fullgame_moneyline_ot,False,9:00 pm ET,2027-03-24 01:00:00+00:00,2027-03-24 00:00:00+00:00
0022601047,1610612757,1610612761,Trail Blazers,Raptors,2027-03-22 02:00:00+00:00,regular,nba_regular_fullgame_moneyline_ot,False,10:00 pm ET,2027-03-24 02:00:00+00:00,2027-03-24 01:00:00+00:00
0022601048,1610612756,1610612760,Suns,Thunder,2027-03-22 03:00:00+00:00,regular,nba_regular_fullgame_moneyline_ot,False,11:00 pm ET,2027-03-24 03:00:00+00:00,2027-03-24 02:00:00+00:00
0022601049,1610612766,1610612765,Hornets,Pistons,2027-03-22 23:00:00+00:00,regular,nba_regular_fullgame_moneyline_ot,False,7:00 pm ET,2027-03-24 23:00:00+00:00,2027-03-24 22:00:00+00:00
0022601050,1610612754,1610612763,Pacers,Grizzlies,2027-03-22 23:00:00+00:00,regular,nba_regular_fullgame_moneyline_ot,False,7:00 pm ET,2027-03-24 23:00:00+00:00,2027-03-24 22:00:00+00:00
0022601051,1610612764,1610612743,Wizards,Nuggets,2027-03-22 23:00:00+00:00,regular,nba_regular_fullgame_moneyline_ot,False,7:00 pm ET,2027-03-24 23:00:00+00:00,2027-03-24 22:00:00+00:00
0022601052,1610612738,1610612759,Celtics,Spurs,2027-03-22 23:30:00+00:00,regular,nba_regular_fullgame_moneyline_ot,False,7:30 pm ET,2027-03-24 23:30:00+00:00,2027-03-24 22:30:00+00:00
0022601053,1610612752,1610612745,Knicks,Rockets,2027-03-22 23:30:00+00:00,regular,nba_regular_fullgame_moneyline_ot,False,7:30 pm ET,2027-03-24 23:30:00+00:00,2027-03-24 22:30:00+00:00
0022601054,1610612741,1610612753,Bulls,Magic,2027-03-23 00:00:00+00:00,regular,nba_regular_fullgame_moneyline_ot,False,8:00 pm ET,2027-03-25 00:00:00+00:00,2027-03-24 23:00:00+00:00
0022601055,1610612750,1610612742,Timberwolves,Mavericks,2027-03-23 00:00:00+00:00,regular,nba_regular_fullgame_moneyline_ot,False,8:00 pm ET,2027-03-25 00:00:00+00:00,2027-03-24 23:00:00+00:00
0022601056,1610612744,1610612755,Warriors,76ers,2027-03-23 02:00:00+00:00,regular,nba_regular_fullgame_moneyline_ot,False,10:00 pm ET,2027-03-25 02:00:00+00:00,2027-03-25 01:00:00+00:00
0022601057,1610612756,1610612760,Suns,Thunder,2027-03-23 02:00:00+00:00,regular,nba_regular_fullgame_moneyline_ot,False,10:00 pm ET,2027-03-25 02:00:00+00:00,2027-03-25 01:00:00+00:00
0022601058,1610612758,1610612737,Kings,Hawks,2027-03-23 02:00:00+00:00,regular,nba_regular_fullgame_moneyline_ot,False,10:00 pm ET,2027-03-25 02:00:00+00:00,2027-03-25 01:00:00+00:00
0022601059,1610612746,1610612749,Clippers,Bucks,2027-03-23 02:30:00+00:00,regular,nba_regular_fullgame_moneyline_ot,False,10:30 pm ET,2027-03-25 02:30:00+00:00,2027-03-25 01:30:00+00:00
0022601060,1610612739,1610612747,Cavaliers,Lakers,2027-03-23 23:00:00+00:00,regular,nba_regular_fullgame_moneyline_ot,False,7:00 pm ET,2027-03-25 23:00:00+00:00,2027-03-25 22:00:00+00:00
0022601061,1610612765,1610612745,Pistons,Rockets,2027-03-23 23:00:00+00:00,regular,nba_regular_fullgame_moneyline_ot,False,7:00 pm ET,2027-03-25 23:00:00+00:00,2027-03-25 22:00:00+00:00
0022601062,1610612754,1610612759,Pacers,Spurs,2027-03-23 23:00:00+00:00,regular,nba_regular_fullgame_moneyline_ot,False,7:00 pm ET,2027-03-25 23:00:00+00:00,2027-03-25 22:00:00+00:00
0022601063,1610612751,1610612743,Nets,Nuggets,2027-03-23 23:30:00+00:00,regular,nba_regular_fullgame_moneyline_ot,False,7:30 pm ET,2027-03-25 23:30:00+00:00,2027-03-25 22:30:00+00:00
0022601064,1610612748,1610612762,Heat,Jazz,2027-03-23 23:30:00+00:00,regular,nba_regular_fullgame_moneyline_ot,False,7:30 pm ET,2027-03-25 23:30:00+00:00,2027-03-25 22:30:00+00:00
0022601065,1610612763,1610612741,Grizzlies,Bulls,2027-03-24 00:00:00+00:00,regular,nba_regular_fullgame_moneyline_ot,False,8:00 pm ET,2027-03-26 00:00:00+00:00,2027-03-25 23:00:00+00:00
0022601066,1610612744,1610612761,Warriors,Raptors,2027-03-24 02:00:00+00:00,regular,nba_regular_fullgame_moneyline_ot,False,10:00 pm ET,2027-03-26 02:00:00+00:00,2027-03-26 01:00:00+00:00
0022601067,1610612766,1610612752,Hornets,Knicks,2027-03-24 23:00:00+00:00,regular,nba_regular_fullgame_moneyline_ot,False,7:00 pm ET,2027-03-26 23:00:00+00:00,2027-03-26 22:00:00+00:00
0022601068,1610612742,1610612740,Mavericks,Pelicans,2027-03-25 00:00:00+00:00,regular,nba_regular_fullgame_moneyline_ot,False,8:00 pm ET,2027-03-27 00:00:00+00:00,2027-03-26 23:00:00+00:00
0022601069,1610612750,1610612753,Timberwolves,Magic,2027-03-25 00:00:00+00:00,regular,nba_regular_fullgame_moneyline_ot,False,8:00 pm ET,2027-03-27 00:00:00+00:00,2027-03-26 23:00:00+00:00
0022601070,1610612760,1610612746,Thunder,Clippers,2027-03-25 00:00:00+00:00,regular,nba_regular_fullgame_moneyline_ot,False,8:00 pm ET,2027-03-27 00:00:00+00:00,2027-03-26 23:00:00+00:00
0022601071,1610612756,1610612749,Suns,Bucks,2027-03-25 02:00:00+00:00,regular,nba_regular_fullgame_moneyline_ot,False,10:00 pm ET,2027-03-27 02:00:00+00:00,2027-03-27 01:00:00+00:00
0022601072,1610612757,1610612755,Trail Blazers,76ers,2027-03-25 02:00:00+00:00,regular,nba_regular_fullgame_moneyline_ot,False,10:00 pm ET,2027-03-27 02:00:00+00:00,2027-03-27 01:00:00+00:00
0022601073,1610612765,1610612759,Pistons,Spurs,2027-03-25 19:00:00+00:00,regular,nba_regular_fullgame_moneyline_ot,False,3:00 pm ET,2027-03-27 19:00:00+00:00,2027-03-27 18:00:00+00:00
0022601074,1610612737,1610612762,Hawks,Jazz,2027-03-25 23:00:00+00:00,regular,nba_regular_fullgame_moneyline_ot,False,7:00 pm ET,2027-03-27 23:00:00+00:00,2027-03-27 22:00:00+00:00
0022601075,1610612764,1610612744,Wizards,Warriors,2027-03-25 23:00:00+00:00,regular,nba_regular_fullgame_moneyline_ot,False,7:00 pm ET,2027-03-27 23:00:00+00:00,2027-03-27 22:00:00+00:00
0022601076,1610612748,1610612738,Heat,Celtics,2027-03-26 00:00:00+00:00,regular,nba_regular_fullgame_moneyline_ot,False,8:00 pm ET,2027-03-28 00:00:00+00:00,2027-03-27 23:00:00+00:00
0022601077,1610612741,1610612746,Bulls,Clippers,2027-03-26 00:00:00+00:00,regular,nba_regular_fullgame_moneyline_ot,False,8:00 pm ET,2027-03-28 00:00:00+00:00,2027-03-27 23:00:00+00:00
0022601078,1610612757,1610612749,Trail Blazers,Bucks,2027-03-26 02:00:00+00:00,regular,nba_regular_fullgame_moneyline_ot,False,10:00 pm ET,2027-03-28 02:00:00+00:00,2027-03-28 01:00:00+00:00
0022601079,1610612758,1610612761,Kings,Raptors,2027-03-26 02:00:00+00:00,regular,nba_regular_fullgame_moneyline_ot,False,10:00 pm ET,2027-03-28 02:00:00+00:00,2027-03-28 01:00:00+00:00
0022601080,1610612753,1610612752,Magic,Knicks,2027-03-26 16:30:00+00:00,regular,nba_regular_fullgame_moneyline_ot,False,12:30 pm ET,2027-03-28 16:30:00+00:00,2027-03-28 15:30:00+00:00
0022601081,1610612751,1610612763,Nets,Grizzlies,2027-03-26 19:00:00+00:00,regular,nba_regular_fullgame_moneyline_ot,False,3:00 pm ET,2027-03-28 19:00:00+00:00,2027-03-28 18:00:00+00:00
0022601082,1610612745,1610612747,Rockets,Lakers,2027-03-26 19:00:00+00:00,regular,nba_regular_fullgame_moneyline_ot,False,3:00 pm ET,2027-03-28 19:00:00+00:00,2027-03-28 18:00:00+00:00
0022601083,1610612766,1610612762,Hornets,Jazz,2027-03-26 22:00:00+00:00,regular,nba_regular_fullgame_moneyline_ot,False,6:00 pm ET,2027-03-28 22:00:00+00:00,2027-03-28 21:00:00+00:00
0022601084,1610612764,1610612742,Wizards,Mavericks,2027-03-26 22:00:00+00:00,regular,nba_regular_fullgame_moneyline_ot,False,6:00 pm ET,2027-03-28 22:00:00+00:00,2027-03-28 21:00:00+00:00
0022601085,1610612740,1610612738,Pelicans,Celtics,2027-03-26 23:00:00+00:00,regular,nba_regular_fullgame_moneyline_ot,False,7:00 pm ET,2027-03-28 23:00:00+00:00,2027-03-28 22:00:00+00:00
0022601086,1610612750,1610612760,Timberwolves,Thunder,2027-03-26 23:30:00+00:00,regular,nba_regular_fullgame_moneyline_ot,False,7:30 pm ET,2027-03-28 23:30:00+00:00,2027-03-28 22:30:00+00:00
0022601087,1610612756,1610612761,Suns,Raptors,2027-03-27 01:00:00+00:00,regular,nba_regular_fullgame_moneyline_ot,False,9:00 pm ET,2027-03-29 01:00:00+00:00,2027-03-29 00:00:00+00:00
0022601088,1610612743,1610612755,Nuggets,76ers,2027-03-27 02:00:00+00:00,regular,nba_regular_fullgame_moneyline_ot,False,10:00 pm ET,2027-03-29 02:00:00+00:00,2027-03-29 01:00:00+00:00
0022601089,1610612737,1610612750,Hawks,Timberwolves,2027-03-27 23:00:00+00:00,regular,nba_regular_fullgame_moneyline_ot,False,7:00 pm ET,2027-03-29 23:00:00+00:00,2027-03-29 22:00:00+00:00
0022601090,1610612739,1610612748,Cavaliers,Heat,2027-03-27 23:00:00+00:00,regular,nba_regular_fullgame_moneyline_ot,False,7:00 pm ET,2027-03-29 23:00:00+00:00,2027-03-29 22:00:00+00:00
0022601091,1610612765,1610612746,Pistons,Clippers,2027-03-27 23:00:00+00:00,regular,nba_regular_fullgame_moneyline_ot,False,7:00 pm ET,2027-03-29 23:00:00+00:00,2027-03-29 22:00:00+00:00
0022601092,1610612751,1610612744,Nets,Warriors,2027-03-27 23:30:00+00:00,regular,nba_regular_fullgame_moneyline_ot,False,7:30 pm ET,2027-03-29 23:30:00+00:00,2027-03-29 22:30:00+00:00
0022601093,1610612741,1610612754,Bulls,Pacers,2027-03-28 00:00:00+00:00,regular,nba_regular_fullgame_moneyline_ot,False,8:00 pm ET,2027-03-30 00:00:00+00:00,2027-03-29 23:00:00+00:00
0022601094,1610612749,1610612742,Bucks,Mavericks,2027-03-28 00:00:00+00:00,regular,nba_regular_fullgame_moneyline_ot,False,8:00 pm ET,2027-03-30 00:00:00+00:00,2027-03-29 23:00:00+00:00
0022601095,1610612759,1610612756,Spurs,Suns,2027-03-28 01:30:00+00:00,regular,nba_regular_fullgame_moneyline_ot,False,9:30 pm ET,2027-03-30 01:30:00+00:00,2027-03-30 00:30:00+00:00
0022601096,1610612758,1610612743,Kings,Nuggets,2027-03-28 02:00:00+00:00,regular,nba_regular_fullgame_moneyline_ot,False,10:00 pm ET,2027-03-30 02:00:00+00:00,2027-03-30 01:00:00+00:00
0022601097,1610612766,1610612748,Hornets,Heat,2027-03-28 23:00:00+00:00,regular,nba_regular_fullgame_moneyline_ot,False,7:00 pm ET,2027-03-30 23:00:00+00:00,2027-03-30 22:00:00+00:00
0022601098,1610612754,1610612738,Pacers,Celtics,2027-03-29 00:00:00+00:00,regular,nba_regular_fullgame_moneyline_ot,False,8:00 pm ET,2027-03-31 00:00:00+00:00,2027-03-30 23:00:00+00:00
0022601099,1610612753,1610612752,Magic,Knicks,2027-03-29 00:00:00+00:00,regular,nba_regular_fullgame_moneyline_ot,False,8:00 pm ET,2027-03-31 00:00:00+00:00,2027-03-30 23:00:00+00:00
0022601100,1610612763,1610612747,Grizzlies,Lakers,2027-03-29 00:00:00+00:00,regular,nba_regular_fullgame_moneyline_ot,False,8:00 pm ET,2027-03-31 00:00:00+00:00,2027-03-30 23:00:00+00:00
0022601101,1610612762,1610612760,Jazz,Thunder,2027-03-29 01:00:00+00:00,regular,nba_regular_fullgame_moneyline_ot,False,9:00 pm ET,2027-03-31 01:00:00+00:00,2027-03-31 00:00:00+00:00
0022601102,1610612757,1610612745,Trail Blazers,Rockets,2027-03-29 03:00:00+00:00,regular,nba_regular_fullgame_moneyline_ot,False,11:00 pm ET,2027-03-31 03:00:00+00:00,2027-03-31 02:00:00+00:00
0022601103,1610612737,1610612746,Hawks,Clippers,2027-03-29 23:00:00+00:00,regular,nba_regular_fullgame_moneyline_ot,False,7:00 pm ET,2027-03-31 23:00:00+00:00,2027-03-31 22:00:00+00:00
0022601104,1610612765,1610612761,Pistons,Raptors,2027-03-29 23:00:00+00:00,regular,nba_regular_fullgame_moneyline_ot,False,7:00 pm ET,2027-03-31 23:00:00+00:00,2027-03-31 22:00:00+00:00
0022601105,1610612755,1610612744,76ers,Warriors,2027-03-29 23:00:00+00:00,regular,nba_regular_fullgame_moneyline_ot,False,7:00 pm ET,2027-03-31 23:00:00+00:00,2027-03-31 22:00:00+00:00
0022601106,1610612764,1610612741,Wizards,Bulls,2027-03-29 23:00:00+00:00,regular,nba_regular_fullgame_moneyline_ot,False,7:00 pm ET,2027-03-31 23:00:00+00:00,2027-03-31 22:00:00+00:00
0022601107,1610612751,1610612739,Nets,Cavaliers,2027-03-29 23:30:00+00:00,regular,nba_regular_fullgame_moneyline_ot,False,7:30 pm ET,2027-03-31 23:30:00+00:00,2027-03-31 22:30:00+00:00
0022601108,1610612749,1610612740,Bucks,Pelicans,2027-03-30 00:00:00+00:00,regular,nba_regular_fullgame_moneyline_ot,False,8:00 pm ET,2027-04-01 00:00:00+00:00,2027-03-31 23:00:00+00:00
0022601109,1610612750,1610612758,Timberwolves,Kings,2027-03-30 00:00:00+00:00,regular,nba_regular_fullgame_moneyline_ot,False,8:00 pm ET,2027-04-01 00:00:00+00:00,2027-03-31 23:00:00+00:00
0022601110,1610612759,1610612756,Spurs,Suns,2027-03-30 00:00:00+00:00,regular,nba_regular_fullgame_moneyline_ot,False,8:00 pm ET,2027-04-01 00:00:00+00:00,2027-03-31 23:00:00+00:00
0022601111,1610612742,1610612743,Mavericks,Nuggets,2027-03-30 01:30:00+00:00,regular,nba_regular_fullgame_moneyline_ot,False,9:30 pm ET,2027-04-01 01:30:00+00:00,2027-04-01 00:30:00+00:00
0022601112,1610612757,1610612745,Trail Blazers,Rockets,2027-03-30 02:00:00+00:00,regular,nba_regular_fullgame_moneyline_ot,False,10:00 pm ET,2027-04-01 02:00:00+00:00,2027-04-01 01:00:00+00:00
0022601113,1610612739,1610612738,Cavaliers,Celtics,2027-03-30 23:00:00+00:00,regular,nba_regular_fullgame_moneyline_ot,False,7:00 pm ET,2027-04-01 23:00:00+00:00,2027-04-01 22:00:00+00:00
0022601114,1610612754,1610612753,Pacers,Magic,2027-03-30 23:00:00+00:00,regular,nba_regular_fullgame_moneyline_ot,False,7:00 pm ET,2027-04-01 23:00:00+00:00,2027-04-01 22:00:00+00:00
0022601115,1610612752,1610612766,Knicks,Hornets,2027-03-30 23:30:00+00:00,regular,nba_regular_fullgame_moneyline_ot,False,7:30 pm ET,2027-04-01 23:30:00+00:00,2027-04-01 22:30:00+00:00
0022601116,1610612760,1610612747,Thunder,Lakers,2027-03-31 01:30:00+00:00,regular,nba_regular_fullgame_moneyline_ot,False,9:30 pm ET,2027-04-02 01:30:00+00:00,2027-04-02 00:30:00+00:00
0022601117,1610612764,1610612755,Wizards,76ers,2027-03-31 23:00:00+00:00,regular,nba_regular_fullgame_moneyline_ot,False,7:00 pm ET,2027-04-02 23:00:00+00:00,2027-04-02 22:00:00+00:00
0022601118,1610612738,1610612748,Celtics,Heat,2027-03-31 23:30:00+00:00,regular,nba_regular_fullgame_moneyline_ot,False,7:30 pm ET,2027-04-02 23:30:00+00:00,2027-04-02 22:30:00+00:00
0022601119,1610612751,1610612752,Nets,Knicks,2027-03-31 23:30:00+00:00,regular,nba_regular_fullgame_moneyline_ot,False,7:30 pm ET,2027-04-02 23:30:00+00:00,2027-04-02 22:30:00+00:00
0022601120,1610612750,1610612744,Timberwolves,Warriors,2027-03-31 23:30:00+00:00,regular,nba_regular_fullgame_moneyline_ot,False,7:30 pm ET,2027-04-02 23:30:00+00:00,2027-04-02 22:30:00+00:00
0022601121,1610612741,1610612765,Bulls,Pistons,2027-04-01 00:00:00+00:00,regular,nba_regular_fullgame_moneyline_ot,False,8:00 pm ET,2027-04-03 00:00:00+00:00,2027-04-02 23:00:00+00:00
0022601122,1610612742,1610612758,Mavericks,Kings,2027-04-01 00:00:00+00:00,regular,nba_regular_fullgame_moneyline_ot,False,8:00 pm ET,2027-04-03 00:00:00+00:00,2027-04-02 23:00:00+00:00
0022601123,1610612749,1610612766,Bucks,Hornets,2027-04-01 00:00:00+00:00,regular,nba_regular_fullgame_moneyline_ot,False,8:00 pm ET,2027-04-03 00:00:00+00:00,2027-04-02 23:00:00+00:00
0022601124,1610612761,1610612737,Raptors,Hawks,2027-04-01 00:30:00+00:00,regular,nba_regular_fullgame_moneyline_ot,False,8:30 pm ET,2027-04-03 00:30:00+00:00,2027-04-02 23:30:00+00:00
0022601125,1610612745,1610612763,Rockets,Grizzlies,2027-04-01 00:30:00+00:00,regular,nba_regular_fullgame_moneyline_ot,False,8:30 pm ET,2027-04-03 00:30:00+00:00,2027-04-02 23:30:00+00:00
0022601126,1610612756,1610612743,Suns,Nuggets,2027-04-01 02:00:00+00:00,regular,nba_regular_fullgame_moneyline_ot,False,10:00 pm ET,2027-04-03 02:00:00+00:00,2027-04-03 01:00:00+00:00
0022601127,1610612757,1610612762,Trail Blazers,Jazz,2027-04-01 02:00:00+00:00,regular,nba_regular_fullgame_moneyline_ot,False,10:00 pm ET,2027-04-03 02:00:00+00:00,2027-04-03 01:00:00+00:00
0022601128,1610612746,1610612759,Clippers,Spurs,2027-04-01 02:30:00+00:00,regular,nba_regular_fullgame_moneyline_ot,False,10:30 pm ET,2027-04-03 02:30:00+00:00,2027-04-03 01:30:00+00:00
0022601129,1610612760,1610612740,Thunder,Pelicans,2027-04-01 21:00:00+00:00,regular,nba_regular_fullgame_moneyline_ot,False,5:00 pm ET,2027-04-03 21:00:00+00:00,2027-04-03 20:00:00+00:00
0022601130,1610612753,1610612764,Magic,Wizards,2027-04-01 23:00:00+00:00,regular,nba_regular_fullgame_moneyline_ot,False,7:00 pm ET,2027-04-03 23:00:00+00:00,2027-04-03 22:00:00+00:00
0022601131,1610612755,1610612737,76ers,Hawks,2027-04-02 17:00:00+00:00,regular,nba_regular_fullgame_moneyline_ot,False,1:00 pm ET,2027-04-04 17:00:00+00:00,2027-04-04 16:00:00+00:00
0022601132,1610612749,1610612751,Bucks,Nets,2027-04-02 18:00:00+00:00,regular,nba_regular_fullgame_moneyline_ot,False,2:00 pm ET,2027-04-04 18:00:00+00:00,2027-04-04 17:00:00+00:00
0022601133,1610612739,1610612766,Cavaliers,Hornets,2027-04-02 19:00:00+00:00,regular,nba_regular_fullgame_moneyline_ot,False,3:00 pm ET,2027-04-04 19:00:00+00:00,2027-04-04 18:00:00+00:00
0022601134,1610612765,1610612748,Pistons,Heat,2027-04-02 19:00:00+00:00,regular,nba_regular_fullgame_moneyline_ot,False,3:00 pm ET,2027-04-04 19:00:00+00:00,2027-04-04 18:00:00+00:00
0022601135,1610612742,1610612750,Mavericks,Timberwolves,2027-04-02 19:00:00+00:00,regular,nba_regular_fullgame_moneyline_ot,False,3:00 pm ET,2027-04-04 19:00:00+00:00,2027-04-04 18:00:00+00:00
0022601136,1610612761,1610612754,Raptors,Pacers,2027-04-02 19:30:00+00:00,regular,nba_regular_fullgame_moneyline_ot,False,3:30 pm ET,2027-04-04 19:30:00+00:00,2027-04-04 18:30:00+00:00
0022601137,1610612745,1610612741,Rockets,Bulls,2027-04-02 20:00:00+00:00,regular,nba_regular_fullgame_moneyline_ot,False,4:00 pm ET,2027-04-04 20:00:00+00:00,2027-04-04 19:00:00+00:00
0022601138,1610612746,1610612756,Clippers,Suns,2027-04-02 20:30:00+00:00,regular,nba_regular_fullgame_moneyline_ot,False,4:30 pm ET,2027-04-04 20:30:00+00:00,2027-04-04 19:30:00+00:00
0022601139,1610612743,1610612763,Nuggets,Grizzlies,2027-04-02 21:00:00+00:00,regular,nba_regular_fullgame_moneyline_ot,False,5:00 pm ET,2027-04-04 21:00:00+00:00,2027-04-04 20:00:00+00:00
0022601140,1610612762,1610612757,Jazz,Trail Blazers,2027-04-02 21:00:00+00:00,regular,nba_regular_fullgame_moneyline_ot,False,5:00 pm ET,2027-04-04 21:00:00+00:00,2027-04-04 20:00:00+00:00
0022601141,1610612758,1610612744,Kings,Warriors,2027-04-02 22:00:00+00:00,regular,nba_regular_fullgame_moneyline_ot,False,6:00 pm ET,2027-04-04 22:00:00+00:00,2027-04-04 21:00:00+00:00
0022601142,1610612752,1610612738,Knicks,Celtics,2027-04-02 23:30:00+00:00,regular,nba_regular_fullgame_moneyline_ot,False,7:30 pm ET,2027-04-04 23:30:00+00:00,2027-04-04 22:30:00+00:00
0022601143,1610612747,1610612759,Lakers,Spurs,2027-04-03 02:00:00+00:00,regular,nba_regular_fullgame_moneyline_ot,False,10:00 pm ET,2027-04-05 02:00:00+00:00,2027-04-05 01:00:00+00:00
0022601144,1610612739,1610612751,Cavaliers,Nets,2027-04-03 23:00:00+00:00,regular,nba_regular_fullgame_moneyline_ot,False,7:00 pm ET,2027-04-05 23:00:00+00:00,2027-04-05 22:00:00+00:00
0022601145,1610612753,1610612748,Magic,Heat,2027-04-03 23:00:00+00:00,regular,nba_regular_fullgame_moneyline_ot,False,7:00 pm ET,2027-04-05 23:00:00+00:00,2027-04-05 22:00:00+00:00
0022601146,1610612740,1610612764,Pelicans,Wizards,2027-04-04 00:00:00+00:00,regular,nba_regular_fullgame_moneyline_ot,False,8:00 pm ET,2027-04-06 00:00:00+00:00,2027-04-05 23:00:00+00:00
0022601147,1610612766,1610612754,Hornets,Pacers,2027-04-04 23:00:00+00:00,regular,nba_regular_fullgame_moneyline_ot,False,7:00 pm ET,2027-04-06 23:00:00+00:00,2027-04-06 22:00:00+00:00
0022601148,1610612761,1610612755,Raptors,76ers,2027-04-04 23:30:00+00:00,regular,nba_regular_fullgame_moneyline_ot,False,7:30 pm ET,2027-04-06 23:30:00+00:00,2027-04-06 22:30:00+00:00
0022601149,1610612737,1610612752,Hawks,Knicks,2027-04-05 00:00:00+00:00,regular,nba_regular_fullgame_moneyline_ot,False,8:00 pm ET,2027-04-07 00:00:00+00:00,2027-04-06 23:00:00+00:00
0022601150,1610612763,1610612765,Grizzlies,Pistons,2027-04-05 00:00:00+00:00,regular,nba_regular_fullgame_moneyline_ot,False,8:00 pm ET,2027-04-07 00:00:00+00:00,2027-04-06 23:00:00+00:00
0022601151,1610612749,1610612741,Bucks,Bulls,2027-04-05 00:00:00+00:00,regular,nba_regular_fullgame_moneyline_ot,False,8:00 pm ET,2027-04-07 00:00:00+00:00,2027-04-06 23:00:00+00:00
0022601152,1610612759,1610612758,Spurs,Kings,2027-04-05 00:00:00+00:00,regular,nba_regular_fullgame_moneyline_ot,False,8:00 pm ET,2027-04-07 00:00:00+00:00,2027-04-06 23:00:00+00:00
0022601153,1610612743,1610612740,Nuggets,Pelicans,2027-04-05 01:00:00+00:00,regular,nba_regular_fullgame_moneyline_ot,False,9:00 pm ET,2027-04-07 01:00:00+00:00,2027-04-07 00:00:00+00:00
0022601154,1610612762,1610612760,Jazz,Thunder,2027-04-05 01:00:00+00:00,regular,nba_regular_fullgame_moneyline_ot,False,9:00 pm ET,2027-04-07 01:00:00+00:00,2027-04-07 00:00:00+00:00
0022601155,1610612747,1610612742,Lakers,Mavericks,2027-04-05 02:00:00+00:00,regular,nba_regular_fullgame_moneyline_ot,False,10:00 pm ET,2027-04-07 02:00:00+00:00,2027-04-07 01:00:00+00:00
0022601156,1610612746,1610612750,Clippers,Timberwolves,2027-04-05 02:30:00+00:00,regular,nba_regular_fullgame_moneyline_ot,False,10:30 pm ET,2027-04-07 02:30:00+00:00,2027-04-07 01:30:00+00:00
0022601157,1610612744,1610612756,Warriors,Suns,2027-04-05 03:00:00+00:00,regular,nba_regular_fullgame_moneyline_ot,False,11:00 pm ET,2027-04-07 03:00:00+00:00,2027-04-07 02:00:00+00:00
0022601158,1610612765,1610612754,Pistons,Pacers,2027-04-05 23:00:00+00:00,regular,nba_regular_fullgame_moneyline_ot,False,7:00 pm ET,2027-04-07 23:00:00+00:00,2027-04-07 22:00:00+00:00
0022601159,1610612753,1610612738,Magic,Celtics,2027-04-05 23:00:00+00:00,regular,nba_regular_fullgame_moneyline_ot,False,7:00 pm ET,2027-04-07 23:00:00+00:00,2027-04-07 22:00:00+00:00
0022601160,1610612761,1610612751,Raptors,Nets,2027-04-05 23:30:00+00:00,regular,nba_regular_fullgame_moneyline_ot,False,7:30 pm ET,2027-04-07 23:30:00+00:00,2027-04-07 22:30:00+00:00
0022601161,1610612759,1610612739,Spurs,Cavaliers,2027-04-05 23:30:00+00:00,regular,nba_regular_fullgame_moneyline_ot,False,7:30 pm ET,2027-04-07 23:30:00+00:00,2027-04-07 22:30:00+00:00
0022601162,1610612741,1610612766,Bulls,Hornets,2027-04-06 00:00:00+00:00,regular,nba_regular_fullgame_moneyline_ot,False,8:00 pm ET,2027-04-08 00:00:00+00:00,2027-04-07 23:00:00+00:00
0022601163,1610612763,1610612764,Grizzlies,Wizards,2027-04-06 00:00:00+00:00,regular,nba_regular_fullgame_moneyline_ot,False,8:00 pm ET,2027-04-08 00:00:00+00:00,2027-04-07 23:00:00+00:00
0022601164,1610612745,1610612758,Rockets,Kings,2027-04-06 00:30:00+00:00,regular,nba_regular_fullgame_moneyline_ot,False,8:30 pm ET,2027-04-08 00:30:00+00:00,2027-04-07 23:30:00+00:00
0022601165,1610612747,1610612750,Lakers,Timberwolves,2027-04-06 02:00:00+00:00,regular,nba_regular_fullgame_moneyline_ot,False,10:00 pm ET,2027-04-08 02:00:00+00:00,2027-04-08 01:00:00+00:00
0022601166,1610612757,1610612742,Trail Blazers,Mavericks,2027-04-06 02:00:00+00:00,regular,nba_regular_fullgame_moneyline_ot,False,10:00 pm ET,2027-04-08 02:00:00+00:00,2027-04-08 01:00:00+00:00
0022601167,1610612748,1610612755,Heat,76ers,2027-04-06 23:00:00+00:00,regular,nba_regular_fullgame_moneyline_ot,False,7:00 pm ET,2027-04-08 23:00:00+00:00,2027-04-08 22:00:00+00:00
0022601168,1610612749,1610612752,Bucks,Knicks,2027-04-07 00:00:00+00:00,regular,nba_regular_fullgame_moneyline_ot,False,8:00 pm ET,2027-04-09 00:00:00+00:00,2027-04-08 23:00:00+00:00
0022601169,1610612743,1610612746,Nuggets,Clippers,2027-04-07 01:00:00+00:00,regular,nba_regular_fullgame_moneyline_ot,False,9:00 pm ET,2027-04-09 01:00:00+00:00,2027-04-09 00:00:00+00:00
0022601170,1610612762,1610612740,Jazz,Pelicans,2027-04-07 01:00:00+00:00,regular,nba_regular_fullgame_moneyline_ot,False,9:00 pm ET,2027-04-09 01:00:00+00:00,2027-04-09 00:00:00+00:00
0022601171,1610612760,1610612744,Thunder,Warriors,2027-04-07 01:30:00+00:00,regular,nba_regular_fullgame_moneyline_ot,False,9:30 pm ET,2027-04-09 01:30:00+00:00,2027-04-09 00:30:00+00:00
0022601172,1610612737,1610612738,Hawks,Celtics,2027-04-07 23:00:00+00:00,regular,nba_regular_fullgame_moneyline_ot,False,7:00 pm ET,2027-04-09 23:00:00+00:00,2027-04-09 22:00:00+00:00
0022601173,1610612766,1610612751,Hornets,Nets,2027-04-07 23:00:00+00:00,regular,nba_regular_fullgame_moneyline_ot,False,7:00 pm ET,2027-04-09 23:00:00+00:00,2027-04-09 22:00:00+00:00
0022601174,1610612754,1610612739,Pacers,Cavaliers,2027-04-07 23:00:00+00:00,regular,nba_regular_fullgame_moneyline_ot,False,7:00 pm ET,2027-04-09 23:00:00+00:00,2027-04-09 22:00:00+00:00
0022601175,1610612752,1610612765,Knicks,Pistons,2027-04-07 23:00:00+00:00,regular,nba_regular_fullgame_moneyline_ot,False,7:00 pm ET,2027-04-09 23:00:00+00:00,2027-04-09 22:00:00+00:00
0022601176,1610612753,1610612761,Magic,Raptors,2027-04-07 23:00:00+00:00,regular,nba_regular_fullgame_moneyline_ot,False,7:00 pm ET,2027-04-09 23:00:00+00:00,2027-04-09 22:00:00+00:00
0022601177,1610612748,1610612764,Heat,Wizards,2027-04-08 00:00:00+00:00,regular,nba_regular_fullgame_moneyline_ot,False,8:00 pm ET,2027-04-10 00:00:00+00:00,2027-04-09 23:00:00+00:00
0022601178,1610612741,1610612749,Bulls,Bucks,2027-04-08 00:00:00+00:00,regular,nba_regular_fullgame_moneyline_ot,False,8:00 pm ET,2027-04-10 00:00:00+00:00,2027-04-09 23:00:00+00:00
0022601179,1610612760,1610612744,Thunder,Warriors,2027-04-08 00:00:00+00:00,regular,nba_regular_fullgame_moneyline_ot,False,8:00 pm ET,2027-04-10 00:00:00+00:00,2027-04-09 23:00:00+00:00
0022601180,1610612745,1610612757,Rockets,Trail Blazers,2027-04-08 00:30:00+00:00,regular,nba_regular_fullgame_moneyline_ot,False,8:30 pm ET,2027-04-10 00:30:00+00:00,2027-04-09 23:30:00+00:00
0022601181,1610612759,1610612743,Spurs,Nuggets,2027-04-08 01:30:00+00:00,regular,nba_regular_fullgame_moneyline_ot,False,9:30 pm ET,2027-04-10 01:30:00+00:00,2027-04-10 00:30:00+00:00
0022601182,1610612762,1610612746,Jazz,Clippers,2027-04-08 01:30:00+00:00,regular,nba_regular_fullgame_moneyline_ot,False,9:30 pm ET,2027-04-10 01:30:00+00:00,2027-04-10 00:30:00+00:00
0022601183,1610612747,1610612750,Lakers,Timberwolves,2027-04-08 02:00:00+00:00,regular,nba_regular_fullgame_moneyline_ot,False,10:00 pm ET,2027-04-10 02:00:00+00:00,2027-04-10 01:00:00+00:00
0022601184,1610612756,1610612763,Suns,Grizzlies,2027-04-08 02:00:00+00:00,regular,nba_regular_fullgame_moneyline_ot,False,10:00 pm ET,2027-04-10 02:00:00+00:00,2027-04-10 01:00:00+00:00
0022601185,1610612758,1610612742,Kings,Mavericks,2027-04-08 02:00:00+00:00,regular,nba_regular_fullgame_moneyline_ot,False,10:00 pm ET,2027-04-10 02:00:00+00:00,2027-04-10 01:00:00+00:00
0022601186,1610612738,1610612749,Celtics,Bucks,2027-04-09 22:00:00+00:00,regular,nba_regular_fullgame_moneyline_ot,False,6:00 pm ET,2027-04-11 22:00:00+00:00,2027-04-11 21:00:00+00:00
0022601187,1610612751,1610612761,Nets,Raptors,2027-04-09 22:00:00+00:00,regular,nba_regular_fullgame_moneyline_ot,False,6:00 pm ET,2027-04-11 22:00:00+00:00,2027-04-11 21:00:00+00:00
0022601188,1610612739,1610612737,Cavaliers,Hawks,2027-04-09 22:00:00+00:00,regular,nba_regular_fullgame_moneyline_ot,False,6:00 pm ET,2027-04-11 22:00:00+00:00,2027-04-11 21:00:00+00:00
0022601189,1610612748,1610612753,Heat,Magic,2027-04-09 22:00:00+00:00,regular,nba_regular_fullgame_moneyline_ot,False,6:00 pm ET,2027-04-11 22:00:00+00:00,2027-04-11 21:00:00+00:00
0022601190,1610612752,1610612754,Knicks,Pacers,2027-04-09 22:00:00+00:00,regular,nba_regular_fullgame_moneyline_ot,False,6:00 pm ET,2027-04-11 22:00:00+00:00,2027-04-11 21:00:00+00:00
0022601191,1610612755,1610612766,76ers,Hornets,2027-04-09 22:00:00+00:00,regular,nba_regular_fullgame_moneyline_ot,False,6:00 pm ET,2027-04-11 22:00:00+00:00,2027-04-11 21:00:00+00:00
0022601192,1610612764,1610612765,Wizards,Pistons,2027-04-09 22:00:00+00:00,regular,nba_regular_fullgame_moneyline_ot,False,6:00 pm ET,2027-04-11 22:00:00+00:00,2027-04-11 21:00:00+00:00
0022601193,1610612740,1610612741,Pelicans,Bulls,2027-04-09 22:00:00+00:00,regular,nba_regular_fullgame_moneyline_ot,False,6:00 pm ET,2027-04-11 22:00:00+00:00,2027-04-11 21:00:00+00:00
0022601194,1610612742,1610612763,Mavericks,Grizzlies,2027-04-10 00:30:00+00:00,regular,nba_regular_fullgame_moneyline_ot,False,8:30 pm ET,2027-04-12 00:30:00+00:00,2027-04-11 23:30:00+00:00
0022601195,1610612750,1610612745,Timberwolves,Rockets,2027-04-10 00:30:00+00:00,regular,nba_regular_fullgame_moneyline_ot,False,8:30 pm ET,2027-04-12 00:30:00+00:00,2027-04-11 23:30:00+00:00
0022601196,1610612759,1610612757,Spurs,Trail Blazers,2027-04-10 00:30:00+00:00,regular,nba_regular_fullgame_moneyline_ot,False,8:30 pm ET,2027-04-12 00:30:00+00:00,2027-04-11 23:30:00+00:00
0022601197,1610612743,1610612760,Nuggets,Thunder,2027-04-10 00:30:00+00:00,regular,nba_regular_fullgame_moneyline_ot,False,8:30 pm ET,2027-04-12 00:30:00+00:00,2027-04-11 23:30:00+00:00
0022601198,1610612744,1610612762,Warriors,Jazz,2027-04-10 00:30:00+00:00,regular,nba_regular_fullgame_moneyline_ot,False,8:30 pm ET,2027-04-12 00:30:00+00:00,2027-04-11 23:30:00+00:00
0022601199,1610612746,1610612758,Clippers,Kings,2027-04-10 00:30:00+00:00,regular,nba_regular_fullgame_moneyline_ot,False,8:30 pm ET,2027-04-12 00:30:00+00:00,2027-04-11 23:30:00+00:00
0022601200,1610612747,1610612756,Lakers,Suns,2027-04-10 00:30:00+00:00,regular,nba_regular_fullgame_moneyline_ot,False,8:30 pm ET,2027-04-12 00:30:00+00:00,2027-04-11 23:30:00+00:00
